text,label,category
????????????? ????????????????????? ?????? ? ?????????? ????????? ? ???????? ???????????,1,Recruitment
KPay ?????????????????? ?????????????????? ? ???????????? ??????????? ????????????????,1,Online_Scam
????????????? ?????????? ???????????? ??????????????? ??? ??? ? ????????????? ??????????????,1,Recruitment
???? Wave Pay ????????? ??? ? ????? ?????????????? ??????????????? ??????????? ????????? ???????????,1,Online_Scam
????????????????????? ??????????????????? ?????????????????? ??? ????? ?? ????? ??????????????????,1,Recruitment
????????????? ????????????????????? ?? ??????????? ?????????? ????????????,1,Online_Scam
Shopee ????????????????? VIP ???????????? ??????? Review ??????????? ?????? ? ??????????,1,Recruitment
???? Facebook ?????????? ?????????????? ????????? ????????????????? Verify ??????? ????????????????,1,Online_Scam
KPay Level 2 ???????????????? ?????????????????????? OTP ?????????????????,1,Online_Scam
???????????? ????????????? ?????????? ?? ??????????? ?????????????? ????????? ? ????? ???????????,1,Online_Scam
Mytel ?? ? ????????? ???????????????? ????????? ? ?????? ?????????????? ????????????????,1,Online_Scam
?????????????????? ?????????? ????????????????????? ??????? ? ?????? ?????????????,1,Recruitment
Amazon ????? ????????????? ???????????? ???????????????????????? ????????? ??% ????,1,Recruitment
????????????????? ??????????? ??? ? ????? ???????????????? ?????????????? ???????????????,1,Online_Scam
???????????? ???????????????????? ???????????????? ??? ?? ???????????? ????????? ???????????,1,Recruitment
TikTok ??????? Like ??????????? ???????? ? ?????????? ??????????? ? ?????? ???????????,1,Recruitment
KPay ??????????????????? ?????????????????? ????? ???? ?????????????? ??????????,1,Online_Scam
????? ??????????????????? ?????????????????????? ??? ?????? ????? ????????? ??????????,1,Recruitment
?????????????????? ?????????????? ????????????????? ??????????????? ?????????????,1,Online_Scam
????????????? ????????????????????? ???? ?? ?????????? ?????????????????? ??????????????,1,Recruitment
KPay update ??????? App ?????????????????? ? Website ?? APK ???????????????,1,Online_Scam
?????????????????? ???? ? ?????????? ???????????? ? ????????? ?????????????,1,Recruitment
Facebook ?? ?????????????? ????????????????????? ??????????? ?????????????????,1,Online_Scam
???????? ???????????????? ????????? ? ?????????????????? ?????????????????,1,Recruitment
KPay ????????????? ??????????????????? ?????????????? ??????????????????????,1,Online_Scam
Grab Driver ????? ???????????? ???????? ?????? ????? ???????????? ???????? ? ????????????,1,Recruitment
????????? ? ????? ????????????? ????????? Group ?? ???? Share ??,1,Online_Scam
????????? ???????????? ?????????????? ???????????? ???????? ????????? ?? ????? ???????????,1,Recruitment
Messenger ????????? ???????????????????? Hack ???? ??????????????????????????,1,Online_Scam
?????????????? ???????????? ??????????????????? ???? ? ?????????? ????????????????,1,Recruitment
Wave Pay ??????? ?????????????????????? ?????????? ? ??????? ???????????? ???????,1,Online_Scam
????????????? ????????????????????????? ???????????????? ????????? ?????????????????,1,Recruitment
Telegram ??? ????????????????????? ?????? ? ????? ???????????? ????????????? ?????????????,1,Online_Scam
Shopee ??????????????????????? ????????????? ??????????????? ?????????????????,1,Recruitment
????????????? ??? ? ????? ?????????????? ????????????????????? ????????? ???????????,1,Online_Scam
???????????? ????????????????? ?????????????????????? ????????????? ???????????,1,Recruitment
Mytel Pay ?????????????????? ? ?????????? ???????? ? ?????????????????? ?????????????,1,Online_Scam
???????????????????? ????????????? ???????? ??? ??? ?????????????? ??????????,1,Online_Scam
?????????????? ???????????? ??????????????????? ???? ? ?????????? ??????????????,1,Recruitment
??????? ???????????? ?????????????? ????????????????? ??????????? ????????????,1,Online_Scam
???????? ??????????????????????? ??????????????? ?????????? ? ?????????????,1,Recruitment
Wave Money ?? ?????????????????? ?????????????? ???????? ?????????????,1,Online_Scam
TikTok ??? ??????????????????? ???? ? ?????????? ????????? ?????????????????????,1,Recruitment
???????????? ????????????????????? ??????????? ? ?????????? ???????? ?????????????,1,Online_Scam
Facebook ???????? ????????????????????????????? ?????????????????????? Block ?????????,1,Online_Scam
???????????? ???????????? ??? ?? ???????????? ???????? ??????????????,1,Recruitment
????????? ????????????????????????????????? ?????????????????? ?????????????????,1,Recruitment
Amazon ?????? ????????????????? ????????????? ??????????????? ?????????????????,1,Recruitment
KPay ?? ????????? ????? ???? ??????????????????? ???????????????????? ??????????,1,Online_Scam
????????????????????? ????????????? ???????????? ???? ?? ????????????? ????????????,1,Recruitment
???????????????????? ???????????????? ?????????? ???????????????,1,Online_Scam
???????????? ????????????????????? ??????????? ?? ??????????? ?????????????,1,Online_Scam
KPay update ??????? App ?????????????????? ?? website ???????????,1,Online_Scam
??????????????????? ???????????????????? ?????????? ?????????????,1,Health_Fake
????????????????????? ???? ? ?????????? Application ????? ????????????,1,Online_Scam
????????????? ????????????????????? ?????? ? ????????? ? ????????? ????? ?????,1,Recruitment
KBZPay ??????? ???????????? ????????????????? ???????????? link ??????????,1,Online_Scam
????????????????? ?????????????????? ?????????????? ???? ??? ? ???????????????,1,Recruitment
Wave Money ?? ?????????????? ????????????????? ????????? ????????? OTP ?????,1,Online_Scam
TikTok ???? Video ????????????? ???? ? ?????????? ?????????? ??????????????,1,Recruitment
KPay Level 2 ?????????????? NRC ???????????? ??????????????????? ??????????? ???????,1,Online_Scam
???????????? ????????????? ?????????? ?????????????????? ? ?????????? ?????????????,1,Online_Scam
Mytel ?? ? ????????? ???????????????? ????????? ? ?????? ?????????????,1,Online_Scam
?????????????????????? ?????????? ??????????? ??????? ? ?????? ?????????????,1,Recruitment
Facebook ?????????? ????????????????? ???????????????? ????????? ?????????,1,Online_Scam
Amazon ????? ????????????? ???????????? ???????????????????????? ????????? ??% ????,1,Recruitment
KPay ??????????????????? ?????????????????? ??? ? ????? ?????? ???????,1,Online_Scam
????????????? ????????????????????????? ???????????????? ????????? ?????????????????,1,Recruitment
Telegram ??? ????????????????????? ?????? ? ????? ???????????? ????????????? ?????????????,1,Online_Scam
Shopee ????????????????? ???????????????????? ??????????????????,1,Recruitment
????????????? ??? ? ????? ?????????????? ????????????????????? ????????? ???????????,1,Online_Scam
???????????? ???????????????????? ???????????????? ??? ?? ???????????,1,Recruitment
??????????? ????????????????????????????????? ?????????????????? ?????????????????,1,Recruitment
??????????????????????? ????????????????????? ??????????? ????????????,1,Online_Scam
???????????? ????????????????? ?????????????????????? ????????????? ?????,1,Recruitment
Mytel Pay ?????????????????? ? ?????????? ???????? ? ?????????????????,1,Online_Scam
???????????????????? ????????????? ???????? ??? ??? ?????????????? ??????????,1,Online_Scam
?????????????? ???????????? ??????????????????? ???? ? ?????????,1,Recruitment
??????? ???????????? ?????????????? ????????????????? ??????????? ????????????,1,Online_Scam
???????? ???????????????? ????????? ? ?????????????????? ?????????????????,1,Recruitment
KPay ????????????? ??????????????????? ?????????????? ??????????????????????,1,Online_Scam
Grab Driver ????? ???????????? ???????? ?????? ????? ???????????,1,Recruitment
????????? ? ????? ????????????? ????????? Group ?? ???? Share ??,1,Online_Scam
????????? ???????????? ?????????????? ???????????? ???????,1,Recruitment
Messenger ????????? ???????????????????? Hack ???? ??????????????????,1,Online_Scam
????? App ???????????????? ????????? ? ???????? ? ????????? ?????????????,1,Online_Scam
?????????????????????????? ?????? ????? ?? ????? ???????????? ?????????????,1,Online_Scam
?????????? ????????????????? ???? ?? ???????? ????????? ? ????? ???????????,1,Recruitment
KPay ????????????? ???????????????????? ?????????????? OTP ?????????,1,Online_Scam
Amazon ?????????????????????? ?????????????????? ??? ?? ?????????,1,Recruitment
?????????????? ??????????????? ???????????????? ????????? ??????????? ??????,1,Online_Scam
????????????? VIP Group ??????? ?????? ?????????????? ???? ? ???????????????,1,Online_Scam
???????????????????????????????? ????????? ?? ????????????? ?????????????????,1,Recruitment
??????????????? ??????????????? ????????????????? ??????????? ????????????????,1,Online_Scam
??????? Gmail ??????? Password ??? ????????????????? ?????????????????,1,Online_Scam
KPay update ??????? SMS ?????????? ???????????? ????????????,1,Online_Scam
????????????? Amazon ????????? ????????????? ?????? ? ??????????,1,Recruitment
?????????????????? ????????????????? iPhone 15 ??????? ?????????????,1,Online_Scam
Wave Money ????????????? ???????????????????? ?????????????? ????????????,1,Online_Scam
Facebook Video ????????????? ???? ?? ?????????? ?????????????????,1,Recruitment
????????????? ? ????????? ????????????????????????? ?????????????????? ?????????????,1,Health_Fake
???????????? ????????????????????? ????????????? ? ?????????????????????????? ? ??????????????????,1,Online_Scam
??????????????? ??????????? ??????????????????? ?????????????? ???? ????? ??? ?????????????,1,Recruitment
KPay ????????????????????? ???????????? Admin ??????? ???????????????? ?? ??????????? ???????????,1,Online_Scam
??????-???????????????? ???????????????? ?????????? ??? ???????????? ??? ??? ? ????????????,1,Recruitment
Wave Money ?? ???????????????? ????? ?? ??????? ???????????????????? ??????? ???????????,1,Online_Scam
????????????????????? ???????????????????????????? ? ????????? ???????????????? ??????????????,1,Health_Fake
Amazon ???????????? ????????????? ??????? Rating ??????????? ?????? ? ????????????????,1,Recruitment
???? Facebook ?????????? ???????????????? Hack ???????? ????????? ????????? Login ?????,1,Online_Scam
???????????????????????????????? ???????? ?? ????? ?????????????? ? ??????? ????????,1,Recruitment
KPay Level 2 ???????????? ???????????????? ??????????????????? Password ???? ?????????????????,1,Online_Scam
????????????? ??????????????? ???????????????????? ????????????????????? ?????????????,1,Health_Fake
??????????????????????????????? ? ?????????? ????? ? ??????? ????? ? ???????? ????????????,1,Online_Scam
???????????? ???????????? ??? ????? ?? ??????? ???????????????? ???????????? ???????????????,1,Recruitment
Mytel Pay ??????????????????? ?????????? ? ?????? ?????? ? Website ???? Register ??????,1,Online_Scam
????????????? ???????????? ??????????????????? ???? ?? ?????????? ????????? ? ?????????????,1,Recruitment
????????????? ??? ? ????? ???????????? ??????????????? ?????????????????? ????????????,1,Online_Scam
???????????????? ??????????????????????? ?????????????????? ????????? ????? ?? ?????????????,1,Recruitment
TikTok ??????????? Like ????? Share ??????????????? ?????? ? ?????????????? ??????????????,1,Recruitment
KPay ?????????????? ???????????? ???????????????? ???????????????? ? ??????? ?????????????,1,Online_Scam
???????????? ???????????????? ???????????? ?????????????? ??????????????? ????????????,1,Health_Fake
???????????? ??????????? ?????????????? ??????????????? ?????????????????????????? ?????????,1,Online_Scam
?????????????? Customer Service ??????? ?????????????? ??? ?????? ????? ??????????????,1,Recruitment
???? Facebook ?????????? ???????????????????????????????? ?? ?????????? ??????????????,1,Online_Scam
????????????? ????????????????????? ??????? ? ????????? ??????????? ? ?????? ???????????,1,Recruitment
Wave Account ?????????????????????? SMS ?????????????? ????????????????? ????????????,1,Online_Scam
???????????????? ???????????????????? ????????????????????????? ?????????????? ???????,1,Health_Fake
???????????? ???????????????????? ???? ?? ??? ????????? ????????? ? ????? ???????????,1,Recruitment
KPay ???????? ????? ???? ??????????????????? ?????????????????????????? ????????????,1,Online_Scam
Shopee ?????? ????????????????? ????????????? ??????????????? ????????????????????,1,Recruitment
????? iPhone 15 Pro Max ??????????????????? ?????????? ? ????????? ?????????????,1,Online_Scam
?????????????? ??????????????????????? ?????? ? ????????????????? ????????? ?????????,1,Recruitment
?????????????? ??????????????? ???????????????? ????????? ??????????? ????????????????,1,Online_Scam
????? ????????????? ??????????????????? ??????????????????? ??? ????? ??? ?????????????,1,Recruitment
KPay ????????????? ??????????????????? ?????????????? ???????????? OTP ???????????????,1,Online_Scam
?????????????????????????? ?????????????? ? ????????? ??????????? ???????????,1,Health_Fake
Telegram Channel ??????????? ?????? ? ????? ??????????? ?????????? ? ???????? Share ??,1,Online_Scam
??????????? ???????????????????? ???????????????? ??? ????? ?? ??????? ???????????????????,1,Recruitment
???? Facebook Post ???????????? ?????????????????????? ????????????? ????????????,1,Online_Scam
?????????????????? ???? ? ?????????? ???????????? ? ????????? ?????????????,1,Recruitment
KPay ??????????????????? ?????????????????? ????? ???? ?????????????? ??????????????,1,Online_Scam
????????????? ???????????? ???? ?? ?? ?? ???? ???????????????? ????????? ???????????,1,Recruitment
????????? ? ????? ????????????? ????????? Group ?? ???? Share ???? ?????????????,1,Online_Scam
????????????? ??????????????? ?????? ? ?????????? ??????? ? ?????? ???????????,1,Recruitment
???? Wave Pay ????????? ??? ? ????? ?????????????? ??????????? ????????????????,1,Online_Scam
??????????????? ?????????????????????????????? ??????????????????? ???????????????,1,Health_Fake
???????????? ???????????????????????? ? ?????????? ?????????????? ?????????????????????,1,Online_Scam
???????????? ??????????????????? ?????????/?????????? ??? ??????????? ????????? ??????,1,Recruitment
Messenger ????????? '??????' ??????? ????????????? ??????????? ????????????????????,1,Online_Scam
????????????? ???????????? ??????????????????? ???? ?? ?????????? ??????????????,1,Recruitment
KPay update ??????? App ?????????????????? ?? website ??? APK ???????????????,1,Online_Scam
???????????????????? ????????????? ???????? ??? ??? ?????????????? ?????????????,1,Online_Scam
????????????????? ?????????????????? ?????????????? ???? ??? ? ????????????,1,Recruitment
??????? ???????????? ?????????????? ????????????????? ????????? ?????????????,1,Online_Scam
???????? ???????????????? ????????? ? ?????????????????? ?????????????????,1,Recruitment
KPay ????????????? ??????????????????? ?????????????? ??????????????????????,1,Online_Scam
Grab Driver ????? ???????????? ???????? ?????? ????? ???????????? ??????????????,1,Recruitment
????????? ? ????? ????????????? ????????? Group ?? ???? Share ??,1,Online_Scam
????????? ???????????? ?????????????? ???????????? ???????? ????????? ?????????,1,Recruitment
Messenger ????????? ???????????????????? Hack ???? ??????????????????????????,1,Online_Scam
????? App ???????????????? ????????? ? ????????? ?????????????? ???????????,1,Online_Scam
?????????????????????????? ?????? ????? ?? ????? ???????????? ?????????????,1,Online_Scam
?????????? ????????????????? ???? ?? ???????? ????????? ? ????? ???????????,1,Recruitment
KPay ????????????? ???????????????????? ?????????????? OTP ?????????????,1,Online_Scam
Amazon ?????????????????????? ?????????????????? ??? ?? ?????????? ??????????????,1,Recruitment
?????????????? ??????????????? ???????????????? ??????????? ???????????????,1,Online_Scam
????????????? VIP Group ??????? ?????? ?????????????? ??????? ? ???????????????,1,Online_Scam
???????????????????????????????? ????????? ????? ?? ???????? ?????????????????,1,Recruitment
??????????????? ??????????????? ????????????????? ??????????? ??????????? ????????,1,Online_Scam
??????? Gmail ??????? Password ??? ????????????????? ?????????? ????????????????,1,Online_Scam
KPay update ??????? SMS ?????????? ???????????? ??????????????????????,1,Online_Scam
????????????? Amazon ????????? ????????????? ?????? ? ??????????,1,Recruitment
?????????????????? ????????????????? iPhone 15 Pro ??????? ?????????????,1,Online_Scam
Wave Money ????????????? ???????????????????? ?????????????? ???????????????,1,Online_Scam
Facebook Video ????????????? ???? ?? ?????????? ????????????????????,1,Recruitment
????????????????? ? ????????? ?? ????????????? ????????? ?????????????,1,Health_Fake
???????????? ???????? ?????????????? ????????? ? ????? ???????????????,1,Online_Scam
??????????? ??????????????????????? ????????? ???????????????????,1,Recruitment
KPay Level ???????????????? ????????????? ??????????????????? ??????????,1,Online_Scam
????????????? ???????????????????? ???????????? ????? ?? ? ????,1,Online_Scam
???????????? Data Entry ??????? ????????? ??? ???????????? ??? ?? ?????,1,Recruitment
KPay ????????? ????????????? ????????????????? ????????? ?????????????,1,Online_Scam
???????????? ??????????? ???????????????????? ????????????????????????????,1,Online_Scam
????????? ????????????????????????????????? ??% ?????????????? ?????????????????,1,Recruitment
Wave Pay ??????? ??????????????????? ???????????? Password ???????????,1,Online_Scam
?????????????? ???????????? ??????????????????? ???? ?? ?????????,1,Recruitment
??????? Gmail ????????????? ???????????? ???????????????? ????????? ???????,1,Online_Scam
???????? ???????????????? ????????? ? ?????????????????? ?????????????????,1,Recruitment
KPay ????????????? ??????????????????? ?????????????? OTP ?????????????,1,Online_Scam
Grab Driver ????? ???????????? ???????? ?????? ????? ???????????? ????????????????????,1,Recruitment
????????? ? ????? ????????????? ????????? Group ?? ???? Share ??,1,Online_Scam
KPay ?? ????????? ????? ???? ??????????????????? ???????????????????? ??????,1,Online_Scam
?????????????????? ???????????? ?????????????? ?????? ?????????? ???????,1,Recruitment
Facebook Page ?????????????????????? ?????????????????????? Block ?????????,1,Online_Scam
?????????????? ?????????????????? ???? ? ?????????? Data Entry ????????,1,Recruitment
Telegram Channel ??????????? ?????? ? ?????? ??????????? ?????????????,1,Online_Scam
??????????????? ??????????????? ????????????????? ??????????? ????????????????,1,Online_Scam
??????? Gmail ??????? Password ??? ????????????????? ?????????????????,1,Online_Scam
KPay update ??????? SMS ?????????? ???????????? ????????????????????,1,Online_Scam
????????????? Amazon ????????? ????????????? ?????? ? ??????????,1,Recruitment
AI ??????????????? ?????????????? ??????????????? ????????????? App? ?????? ? ??????????,1,AI_Scam
USDT ????????????????????? ?????? ? ????????????? ??????????? ????????????? ??????????? ????????????????,1,Crypto_Scam
?????????????????????? ??????????????? ??????????????????? SMS ??????????? ??????????????????????,1,Online_Scam
?????????????????? ??????????????????? ????????????? ??? ?????? ????? ?????????????????? ?????????,1,Recruitment
???????????????? ??????????????????? Crypto Trading ???? ???????????????????? ???????????????,1,Romance_Scam
KPay ??????????? ??????? ????????????????? AnyDesk App ??? ??????????? ??????????????,1,Online_Scam
????????? ? ?????? ??????? ? Video ??? ? ?????????????? ????????????? Share ?????,1,Online_Scam
???????????? ????????????????????? ?????????? ?? ??????????? ?????????????? ?????????????????????,1,Online_Scam
Shopee VIP ????????? ????????????????? ??? ? ?????? ?????????????? ????????? ??% ????,1,Recruitment
???? Facebook ?????????? ??????????? ???????????????????? ?? ?????????? ?????????? ???????????,1,Online_Scam
????????????? ???????????? ??????????????????? ???? ?? ?????????? ????????????????????,1,Recruitment
KPay update ??????? Play Store ??????? SMS ?? ??????????????? APK ??? ???????????????,1,Online_Scam
Telegram ???????????????????? ??????? ????? ? ????????????? ????????????? ? ???????? ????????,1,Online_Scam
????????????????? ?????????????????? ???? ?? ??????? ????????? ? ????? ???????????,1,Recruitment
Mytel ?? ?????? ??????????????????????? ???????????? OTP ??????? ?????????????,1,Online_Scam
????????????? ? ????????? ????????????????????????? ??????????????? ?????????,1,Health_Fake
????????????? ??? ? ????? ?????????????? ??????????? ??????????? ????????????????????,1,Online_Scam
????? ??????????????????? ??????????????????? ??????????????????? ??? ????? ??,1,Recruitment
Wave Money ?? ? ????? ?????????????? ????????????????? ??????????? ?????????????,1,Online_Scam
????????????? ??????????????????????????? ??????? ? ????????? ????????? ? ??????,1,Recruitment
KPay Level 2 ???????????????? ??????????????? ??????? Password ????????????????,1,Online_Scam
????????????????????? ???????????????????????????? ????????????????????????? ????????????????????,1,Health_Fake
Amazon ????? ????????????? ???????????? ???????????????????????? ????????? ??% ????,1,Recruitment
??????? ???????????? ????? ??? ??????????????????????? ????????? ??????????????,1,Online_Scam
???????????? ???????????????????? ???????????????? ??? ?? ???????????? ???????????????????,1,Recruitment
TikTok ??????? Like ??????????? ???????? ? ?????????? ??????????? ? ?????? ???????,1,Recruitment
KPay ??????????????????? ?????????????????? ????? ???? ?????????????? ??????????????,1,Online_Scam
Messenger ????????? ???????????????????? Hack ???? '??? ? ?????????? ????????' ?? ?????????,1,Online_Scam
???????????? ??????????? ???????????????????? ??????????????? ????????????????? ???????????,1,Online_Scam
????????? ????????????????????????????????? ??% ?????????????? ?????????????????,1,Recruitment
?????????????? ??????????????? ???????????????? ????????? ??????????? ??????,1,Online_Scam
?????????????????????????? ?????? ????? ?? ????? ???????????? ?????????????,1,Online_Scam
?????????? ????????????????? ???? ?? ???????? ????????? ? ????? ???????????,1,Recruitment
KPay ????????????? ???????????????????? ?????????????? OTP ?????????????,1,Online_Scam
Amazon ?????????????????????? ?????????????????? ??? ?? ?????????? ??????????????,1,Recruitment
?????????????? ??????????????? ???????????????? ??????????? ???????????????,1,Online_Scam
????????????? VIP Group ??????? ?????? ?????????????? ??????? ? ???????????????,1,Online_Scam
???????????????????????????????? ????????? ????? ?? ???????? ?????????????????,1,Recruitment
??????????????? ??????????????? ????????????????? ??????????? ??????????? ????????,1,Online_Scam
??????? Gmail ??????? Password ??? ????????????????? ?????????? ????????????????,1,Online_Scam
KPay update ??????? SMS ?????????? ???????????? ??????????????????????,1,Online_Scam
????????????? Amazon ????????? ????????????? ?????? ? ??????????,1,Recruitment
?????????????????? ????????????????? iPhone 15 Pro ??????? ?????????????,1,Online_Scam
Wave Money ????????????? ???????????????????? ?????????????? ???????????????,1,Online_Scam
Facebook Video ????????????? ???? ?? ?????????? ????????????????????,1,Recruitment
????????????????? ? ????????? ?? ????????????? ????????? ?????????????,1,Health_Fake
???????????? ???????? ?????????????? ????????? ? ????? ???????????????,1,Online_Scam
??????????? ??????????????????????? ????????? ???????????????????,1,Recruitment
KPay Level ???????????????? ????????????? ??????????????????? ??????????,1,Online_Scam
????????????? ???????????????????? ???????????? ????? ?? ? ????,1,Online_Scam
???????????? Data Entry ??????? ????????? ??? ???????????? ??? ?? ?????,1,Recruitment
KPay ????????? ????????????? ????????????????? ????????? ?????????????,1,Online_Scam
???????????? ??????????? ???????????????????? ????????????????????????????,1,Online_Scam
????????? ????????????????????????????????? ??% ?????????????? ?????????????????,1,Recruitment
Wave Pay ??????? ??????????????????? ???????????? Password ???????????,1,Online_Scam
?????????????? ???????????? ??????????????????? ???? ?? ?????????,1,Recruitment
??????? Gmail ????????????? ???????????? ???????????????? ????????? ???????,1,Online_Scam
???????? ???????????????? ????????? ? ?????????????????? ?????????????????,1,Recruitment
KPay ????????????? ??????????????????? ?????????????? OTP ?????????????,1,Online_Scam
Grab Driver ????? ???????????? ???????? ?????? ????? ???????????? ????????????????????,1,Recruitment
????????? ? ????? ????????????? ????????? Group ?? ???? Share ??,1,Online_Scam
KPay ?? ????????? ????? ???? ??????????????????? ???????????????????? ??????,1,Online_Scam
?????????????????? ???????????? ?????????????? ?????? ?????????? ???????,1,Recruitment
Facebook Page ?????????????????????? ?????????????????????? Block ?????????,1,Online_Scam
?????????????? ?????????????????? ???? ? ?????????? Data Entry ????????,1,Recruitment
Telegram Channel ??????????? ?????? ? ?????? ??????????? ?????????????,1,Online_Scam
??????????????? ??????????????? ????????????????? ??????????? ????????????????,1,Online_Scam
??????? Gmail ??????? Password ??? ????????????????? ?????????????????,1,Online_Scam
KPay update ??????? SMS ?????????? ???????????? ????????????????????,1,Online_Scam
????????????? Amazon ????????? ????????????? ?????? ? ??????????,1,Recruitment
?????????????? Like ???????? ????????? ???????????? ? ????????????? ??? ?? ?????,1,Recruitment
?????????????????????????? ?????????????? Page ?? ?????????? ????? ? ???????,1,Online_Scam
?????????? ????????????????? ???? ?? ?? ???????????????????? ??????? ??????,1,Recruitment
???? KPay ?????????? ????????? ???????????????? ??????????? ???????????????,1,Online_Scam
?????????????????????? ?????????? SMS ????????? ???????????????????????????,1,Online_Scam
Amazon VIP ????????? ???????????????? ???????? ? ????? ?????????????,1,Recruitment
TikTok Video ??????? Copy ??????? ??????????????? ???? ????? ?? ????,1,Recruitment
????????????? ??? ? ????? ?????????????? ?????????????????? ????????????,1,Online_Scam
????????????? ??????????????? ?????? ? ?????????? ??????? ? ?????? ???????????,1,Recruitment
KPay Level ???????????????? ???????????? OTP ??????? ????????????????,1,Online_Scam
???????????? ??????????? ???????????????????? ????????? ? ????? ???????????????????,1,Online_Scam
??????????? ?????????????? ???????????????? ??? ?? ?????????? ????????? ??????,1,Recruitment
Facebook ???????? ????????????????????????????? ?????????????????????? Block ?????????,1,Online_Scam
???????????? ???????????? ??? ?? ???????????? ???????? ??????????????,1,Recruitment
KPay ?????????????? ?????????? ????? ????????????? OTP ??????????????,1,Online_Scam
????????? ????????????????????????????????? ?????????????????? ?????????????????,1,Recruitment
Amazon ?????? ????????????????? ????????????? ??????????????? ?????????????????,1,Recruitment
????????? ???????????????????? ??????????????? ??? ??????????????? ????????,1,Recruitment
???????????????????????????????? ??????????????? ???? ??????????????,1,Recruitment
????????????????????? ????????????? ???????????? ???? ?? ???????????,1,Recruitment
???????????????????? ???????????????? ?????????? ???????????????,1,Online_Scam
???????????? ????????????????????? ??????????? ?? ??????????? ?????????????,1,Online_Scam
KPay update ??????? App ?????????????????? ?? website ???????????,1,Online_Scam
??????????????????? ???????????????????? ?????????? ?????????????,1,Health_Fake
????????????????????? ???? ? ?????????? Application ????,1,Online_Scam
????????????? ?????????? ?? ???????????????????????????? ?????????????????????,1,Online_Scam
KBZPay ??????? ???????????? ????????????????? ???????????? link ??????????,1,Online_Scam
???????-??????? ?????????????????? ???????????? ?????????????,1,Online_Scam
?????????????? ???????????? ??????????????????? ???? ? ?????????,1,Recruitment
???????????? ?????????????????? ??????????????????????????? ??????,1,Online_Scam
Facebook ?????????? ?????????????????? (Blue Mark) ??????????????? ??????????? Login ?????,1,Online_Scam
KPay ?? ????? ???? ??????????????????? ???????????????????????????? ?????????????? ????????????,1,Online_Scam
????????????? ?????????????????????????? ??????????? ? ?????????? ????????? ? ?????????????,1,Recruitment
??????????????????? ???????????????????? ???? ?? ??????? ????????? ???????????? ???????????????,1,Recruitment
???? Wave Pay ????????? ??? ? ????? ????????????????????????????? ??????????? ????????????????????,1,Online_Scam
AI ????? ??????????????????????? Application? ????????????????????? ?????? ? ?????? ?????????,1,Online_Scam
?????????????????????? ??????????????????????????? ?????????? ????????????? ?????????????????,1,Online_Scam
????????????????? ?????????????????? ??????????????? ??? ??? ? ???????????????? ??????????????,1,Recruitment
KPay Level 2 ?????? ????????????????????? ???????????? Admin ?? Password ???? ?????????????,1,Online_Scam
???????????? ????????????????????? ?????????? ?? ??????????? ?????????????? ????????? ???????????,1,Online_Scam
Mytel ?? ? ????????? ???????????????? ????????? ? ????? ?????????????? ????????????????,1,Online_Scam
?????????????????? ?????????? ????????????????????? ??????? ? ?????? ?????????????,1,Recruitment
Amazon ??????????????????????? ??????????? Review ?????????????? ?????? ? ??????????,1,Recruitment
????????????????? ??????????? ??? ?? ????? ???????????????? ?????????????? ???????????????,1,Online_Scam
???????????? ???????????? ??? ????? ?? ??????? ???????????????? ???????????? ???????????????,1,Recruitment
TikTok ??????? Like ??????????? ???????? ? ?????????? ??????????? ? ?????? ???????????,1,Recruitment
KPay ??????????????????? ?????????????????? ????? ???? ?????????????? ??????????????,1,Online_Scam
????? ??????????????????? ??????????????????? ??????????????????? ??? ????? ??? ?????????????,1,Recruitment
?????????????????? ?????????????? ????????????????? ??????????????? ???????????? ????????????,1,Online_Scam
????????????? ????????????????????? ???? ?? ?????????? ?????????????????? ????????????????,1,Recruitment
KPay update ??????? Play Store ??????? SMS ?? ??????????????? APK ??? ???????????????,1,Online_Scam
?????????????????? ???? ?? ?????????? ???????????? ? ?????? ?????????????,1,Recruitment
Facebook ?? ?????????????? ????????????????????? ??????????? ?????????????????,1,Online_Scam
???????? ???????????????? ????????? ? ?????????????????? ?????????????????,1,Recruitment
KPay ????????????? ??????????????????? ?????????????? ????????????????????? OTP ???????????????,1,Online_Scam
Grab Driver ????? ???????????? ???????? ?????? ????? ???????????? ???????? ?? ????????????,1,Recruitment
????????? ? ????? ????????????? ????????? Group ?? ???? Share ???? ?????????????,1,Online_Scam
????????? ???????????? ?????????????? ???????????? ???????? ????????? ????? ?? ???????????,1,Recruitment
Messenger ????????? ???????????????????? Hack ???? '??? ? ?????????? ????????' ?? ?????????,1,Online_Scam
?????????????? ???????????? ??????????????????? ???? ?? ?????????? ????????????????,1,Recruitment
Wave Pay ??????? ?????????????????????? ?????????? ? ??????? ???????????? ????????????,1,Online_Scam
????????????? ????????????????????????? ???????????????? ????????? ????? ?? ???????????,1,Recruitment
Telegram ??? ????????????????????? ?????? ? ????? ???????????? ????????????? ?????????????,1,Online_Scam
Shopee ??????????????????????? ????????????? ??????????????? ????????????????????,1,Recruitment
????????????? ??? ?? ????? ?????????????? ????????????????????? ????????? ???????????,1,Online_Scam
???????????? ????????????????? ?????????????????????? ????????????? ???????????,1,Recruitment
Mytel Pay ?????????????????? ? ?????????? ???????? ? ?????????????????? ?????????????,1,Online_Scam
???????????????????? ????????????? ???????? ??? ??? ?????????????? ?????????????,1,Online_Scam
?????????????? ???????????? ??????????????????? ???? ?? ?????????? ??????????????,1,Recruitment
??????? ???????????? ?????????????? ????????????????? ??????????? ??????????????????????,1,Online_Scam
???????? ??????????????????????? ??????????????? ?????????? ? ?????????????,1,Recruitment
Wave Money ?? ?????????????????? ?????????????? ???????? ???????????? Register ??????,1,Online_Scam
TikTok ??? ??????????????????? ???? ? ?????????? ????????? ?????????????????????,1,Recruitment
???????????? ????????????????????? ??????????? ? ?????????? ???????? ?????????????,1,Online_Scam
Facebook ???????? ????????????????????????????? ?????????????????????? Block ?????????,1,Online_Scam
???????????? ???????????? ??? ????? ?? ??????? ???????? ??????????????,1,Recruitment
????????? ????????????????????????????????? ??% ?????????????? ?????????????????,1,Recruitment
Amazon ?????? ????????????????? ????????????? ??????????????? ?????????????????,1,Recruitment
KPay ?? ????????? ????? ???? ??????????????????? ???????????????????? ??????????,1,Online_Scam
????????????????????? ????????????? ???????????? ???? ????? ?? ???????? ????????????,1,Recruitment
???????????????????? ???????????????? ?????????? ???????? ????????????????,1,Online_Scam
???????????? ????????????????????? ??????????? ? ??????????? ?????????????,1,Online_Scam
KPay update ??????? App ?????????????????? ?? website ??? APK ???????????????,1,Online_Scam
??????????????????? ? ????????? ???????????????? ????????????????? ???????????,1,Health_Fake
????????????????????? ???? ? ?????????? Application ????? ????????????,1,Online_Scam
????????????? ????????????????????? ?????? ? ????????? ? ???????? ????? ?????,1,Recruitment
KBZPay ??????? ???????????? ????????????????? ???????????? link ??????????,1,Online_Scam
????????????????? ?????????????????? ?????????????? ???? ??? ? ????????????,1,Recruitment
Wave Money ?? ?????????????? ????????????????? ????????? ????????? OTP ?????????,1,Online_Scam
TikTok ???? Video ????????????? ???? ?? ?????????? ?????????? ??????????????,1,Recruitment
KPay Level 2 ?????????????? NRC ???????????? ??????????????????? ??????????? ???????,1,Online_Scam
???????????? ????????????? ?????????? ?????????????????? ? ?????????? ?????????????,1,Online_Scam
Mytel ?? ?? ????????? ???????????????? ????????? ? ????? ?????????????,1,Online_Scam
?????????????????????? ?????????? ??????????? ??????? ? ????? ?????????????,1,Recruitment
Facebook ?????????? ????????????????? ???????????????? ????????? ?????????,1,Online_Scam
Amazon ????? ????????????? ???????????? ???????????????????????? ????????? ??% ????,1,Recruitment
KPay ??????????????????? ?????????????????? ??? ? ????? ?????? ???????,1,Online_Scam
????????????? ????????????????????????? ???????????????? ????????? ????? ?? ???????,1,Recruitment
Telegram ??? ????????????????????? ?????? ? ????? ???????????? ????????????? ?????????????,1,Online_Scam
Shopee ????????????????? ???????????????????? ??????? ??? ???????????,1,Recruitment
????????????? ??? ?? ????? ?????????????? ????????????????????? ????????? ???????????,1,Online_Scam
???????????? ???????????????????? ???????????????? ??? ?? ???????????,1,Recruitment
??????????? ????????????????????????????????? ?????????????????? ?????????????????,1,Recruitment
??????????????????????? ????????????????????? ??????????? ????????????? ?????????????,1,Online_Scam
???????????? ????????????????? ?????????????????????? ????????????? ???????????,1,Recruitment
Mytel Pay ?????????????????? ? ?????????? ???????? ? ?????????????????,1,Online_Scam
???????????????????? ????????????? ???????? ??? ??? ?????????????? ??????????,1,Online_Scam
?????????????? ???????????? ??????????????????? ???? ?? ?????????,1,Recruitment
??????? ???????????? ?????????????? ????????????????? ??????????? ????????????,1,Online_Scam
???????? ???????????????? ????????? ? ?????????????????? ?????????????????,1,Recruitment
KPay ????????????? ??????????????????? ?????????????? ??????????????????????,1,Online_Scam
Grab Driver ????? ???????????? ???????? ?????? ????? ???????????,1,Recruitment
????????? ? ????? ????????????? ????????? Group ?? ???? Share ??,1,Online_Scam
????????? ???????????? ?????????????? ???????????? ???????,1,Recruitment
Messenger ????????? ???????????????????? Hack ???? ??????????????????,1,Online_Scam
????? App ???????????????? ????????? ? ???????? ?????????????? ???????????,1,Online_Scam
?????????????????????????? ?????? ????? ??? ????? ???????????? ?????????????,1,Online_Scam
?????????? ????????????????? ???? ?? ???????? ????????? ? ????? ???????????,1,Recruitment
KPay ????????????? ???????????????????? ?????????????? OTP ?????????,1,Online_Scam
Amazon ?????????????????????? ?????????????????? ??? ?? ?????????,1,Recruitment
?????????????? ??????????????? ???????????????? ????????? ??????????? ??????,1,Online_Scam
????????????? VIP Group ??????? ?????? ?????????????? ???? ? ???????????????,1,Online_Scam
???????????????????????????????? ????????? ????? ?? ???????? ?????????????????,1,Recruitment
??????????????? ??????????????? ????????????????? ??????????? ????????????????,1,Online_Scam
??????? Gmail ??????? Password ??? ????????????????? ?????????????????,1,Online_Scam
KPay update ??????? SMS ?????????? ???????????? ????????????,1,Online_Scam
????????????? Amazon ????????? ????????????? ?????? ? ?????????,1,Recruitment
?????????????????? ????????????????? iPhone 15 Pro Max ??????? ?????????????,1,Online_Scam
Wave Money ????????????? ???????????????????? ?????????????? ????????????,1,Online_Scam
Facebook Video ????????????? ???? ?? ?????????? ?????????????????,1,Recruitment
????????????????????????? ????????????????????????? AI ?????????? ???????????? ??????????????????,1,AI_Voice_Scam
Australia ??????????? ???????? (Full Scholarship) ?????????? ????????? ? ????? ??????????????,1,Education_Scam
KPay Account ??? AI ????????? ?????????????????????? ? Website ???? Password ???????????,1,Online_Scam
????????????? Google Map ???? ??????????? Review ??????????? ??????? ? ????????????????,1,Recruitment
Wave Pay ?????????????????????????? ????????????? Telegram Bot ????????? ? ??????????? ???????????,1,Online_Scam
????????????????? ???????????????????? ????????????? ??? ??? ? ??????? ???????? ???????????,1,Recruitment
???? Facebook ?????????? ?????????????? ?????????? ????????????????? ????????? ????????????,1,Online_Scam
KPay ???????? ????? ???? ??????????????????? ???????????????????? ??????????? ?????????????,1,Online_Scam
???????????? ??????????? ?????????????? ??????????? 0% ????? ??????????????????????,1,Online_Scam
Mytel ?? ? ????????? ???????????????? ????????? ? ????? ?????????????? ????????????????,1,Online_Scam
???????????? ??????????????????? ???? ?? ?????????? ?????????????????? ??????????????,1,Recruitment
????????????????? ??????????? ??? ?? ????? ???????????????? ?????????????? ???????????????,1,Online_Scam
???????????? IT ?????????????? ???????????????? ??? ????? ?? ??????? ????????? ???????????,1,Recruitment
TikTok Video ??????? Like ????? Share ??????????????? ?????? ? ??????????? ??????????????,1,Recruitment
KPay update ??????? Play Store ??????? SMS ?? ??????????????? APK ??? ???????????????,1,Online_Scam
????????????????????? ????????????? ? ????????? ???????????????? ?????????????????,1,Health_Fake
????????????? ??? ? ????? ?????????????? ??????????? ??????????? ????????????????????,1,Online_Scam
????? ??????????????????? ??????????????????? ??????????????????? ??? ????? ??,1,Recruitment
Wave Money ?? ?? ????? ?????????????? ????????????????? ??????????? ?????????????,1,Online_Scam
????????????? ??????????????? ?????? ? ?????????? ??????? ? ?????? ???????????,1,Recruitment
KPay Level 2 ???????????????? ??????????????? ??????? Password ????????????????,1,Online_Scam
?????????????????????????? ???????????????? ????????????????????????? ????????????????,1,Health_Fake
Amazon ????? ????????????? ???????????? ???????????????????????? ????????? ??% ????,1,Recruitment
??????? ???????????? ????? ??? ??????????????????????? ????????? ??????????????,1,Online_Scam
???????????? ???????????????????? ???????????????? ??? ?? ???????????? ???????????????????,1,Recruitment
Facebook ?????????? ?????????????????? (Blue Mark) ?????????? ??????????? Login ?????,1,Online_Scam
KPay ??????????????????? ?????????????????? ????? ???? ?????????????? ??????????????,1,Online_Scam
Messenger ????????? ??????????????????????????????? ??????????????????????????,1,Online_Scam
???????????? ??????????? ???????????????????? ??????????????? ????????????????? ???????????,1,Online_Scam
????????? ????????????????????????????????? ??% ?????????????? ?????????????????,1,Recruitment
?????????????? ??????????????? ???????????????? ????????? ??????????? ??????,1,Online_Scam
?????????????????????????? ?????? ????? ??? ????? ???????????? ?????????????,1,Online_Scam
?????????? ????????????????? ???? ?? ???????? ????????? ? ????? ???????????,1,Recruitment
KPay ????????????? ???????????????????? ?????????????? OTP ?????????????,1,Online_Scam
Amazon ?????????????????????? ?????????????????? ??? ????? ?? ????? ??????????????,1,Recruitment
????????????? VIP Group ??????? ?????? ?????????????? ???? ? ???????? ?????????,1,Online_Scam
???????????????????????????????? ????????? ????? ?? ???????? ?????????????????,1,Recruitment
??????????????? ??????????????? ????????????????? ??????????? ??????????? ????????,1,Online_Scam
??????? Gmail ??????? Password ??? ????????????????? ?????????? ????????????????,1,Online_Scam
KPay update ??????? SMS ?????????? ???????????? ??????????????????????,1,Online_Scam
????????????? Amazon ????????? ????????????? ?????? ? ????????????,1,Recruitment
?????????????????? ????????????????? iPhone 16 Pro Max ??????? ?????????????,1,Online_Scam
Wave Money ????????????? ???????????????????? ?????????????? ???????????????,1,Online_Scam
Facebook Video ????????????? ???? ????? ?? ????? ????????????????????,1,Recruitment
????????????????? ? ????????? ?? ????????????? ????????? ?????????????,1,Health_Fake
???????????? ???????? ?????????????? ????????? ? ?????? ???????????????,1,Online_Scam
??????????? ??????????????????????? ????????? ???????????????????,1,Recruitment
KPay Level ???????????????? ????????????? ??????????????????? ??????????,1,Online_Scam
????????????? ???????????????????? ???????????? ????? ?? ?? ????,1,Online_Scam
???????????? Data Entry ??????? ????????? ??? ???????????? ??? ????? ??,1,Recruitment
KPay ????????? ????????????? ????????????????? ????????? ?????????????,1,Online_Scam
???????????? ??????????? ???????????????????? ????????????????????????????,1,Online_Scam
????????? ????????????????????????????????? ???????????????????????? ????????????,1,Recruitment
Wave Pay ??????? ??????????????????? ???????????? Password ???????????,1,Online_Scam
?????????????? ???????????? ??????????????????? ???? ?? ?????????,1,Recruitment
??????? Gmail ????????????? ???????????? ???????????????? ????????? ???????,1,Online_Scam
???????? ???????????????? ????????? ? ?????????????????? ?????????????????,1,Recruitment
KPay ????????????? ??????????????????? ?????????????? OTP ?????????????,1,Online_Scam
Grab Driver ????? ???????????? ???????? ?????? ????? ???????????? ????????????????????,1,Recruitment
????????? ? ????? ????????????? ????????? Group ?? ???? Share ??,1,Online_Scam
KPay ?? ????????? ????? ???? ??????????????????? ???????????????????? ??????,1,Online_Scam
?????????????????? ???????????? ?????????????? ?????? ?????????? ???????,1,Recruitment
Facebook Page ?????????????????????? ?????????????????????? Block ?????????,1,Online_Scam
?????????????? ?????????????????? ???? ?? ?????????? Data Entry ????????,1,Recruitment
Telegram Channel ??????????? ?????? ? ?????? ??????????? ?????????????,1,Online_Scam
??????????????? ??????????????? ????????????????? ??????????? ????????????????,1,Online_Scam
KPay update ??????? SMS ?????????? ???????????? ????????????????????,1,Online_Scam
????????????? Amazon ????????? ????????????? ?????? ? ?????????,1,Recruitment
?????????????????? ?????????? ????????????????????? ??????? ? ???????? ?????????????,1,Recruitment
?????????????? Like ???????? ????????? ???????????? ? ????????????? ??? ? ??????????,1,Recruitment
?????????????????????????? ?????????????? Page ?? ?????????? ????? ?? ???????,1,Online_Scam
?????????? ????????????????? ???? ?? ?? ???????????????????? ??????? ??????,1,Recruitment
???? KPay ?????????? ????????? ???????????????? ??????????? ???????????????,1,Online_Scam
?????????????????????? ?????????? SMS ????????? ???????????????????????????,1,Online_Scam
Amazon VIP ????????? ???????????????? ???????? ? ????? ?????????????,1,Recruitment
TikTok Video ??????? Copy ??????? ??????????????? ???? ????? ?? ????,1,Recruitment
????????????? ??? ? ????? ?????????????? ?????????????????? ????????????,1,Online_Scam
????????????? ??????????????? ?????? ? ?????????? ??????? ? ?????? ???????????,1,Recruitment
KPay Level ???????????????? ???????????? OTP ??????? ????????????????,1,Online_Scam
???????????? ??????????? ???????????????????? ????????? ? ?????? ???????????????????,1,Online_Scam
??????????? ?????????????? ???????????????? ??? ?? ?????????? ????????? ??????,1,Recruitment
Facebook ???????? ????????????????????????????? ?????????????????????? Block ?????????,1,Online_Scam
???????????? ???????????? ??? ????? ?? ??????? ???????? ??????????????,1,Recruitment
KPay ?????????????? ?????????? ????? ????????????? OTP ??????????????,1,Online_Scam
????????? ????????????????????????????????? ???????????????????????? ????????????,1,Recruitment
Amazon ?????? ????????????????? ????????????? ??????????????? ?????????????????,1,Recruitment
????????? ???????????????????? ????????????????????? ???????????? ????????????,1,Recruitment
???????????????????????????????? ?????????????????????? ????? ??? ????? ???????????,1,Recruitment
????????????????????? ????????????? ???????????? ???? ????? ?? ??????,1,Recruitment
???????????????????? ???????????????? ?????????? ???????????????,1,Online_Scam
???????????? ????????????????????? ??????????? ?? ??????????? ?????????????,1,Online_Scam
KPay update ??????? App ?????????????????? ?? website ???????????,1,Online_Scam
??????????????????? ???????????????????? ?????????? ?????????????,1,Health_Fake
????????????????????? ???? ? ?????????? Application ????,1,Online_Scam
????????????? ?????????? ????? ??? ??????????????????????? ?????????????????????,1,Online_Scam
KPay ??????? ???????????? ????????????????? ???????????? link ??????????,1,Online_Scam
???????-??????? ?????????????????? ???????????? ???????????????????? ????????????,1,Online_Scam
?????????????? ???????????? ??????????????????? ???? ?? ?????????,1,Recruitment
???????????? ?????????????????? ??????????????????????????? ???????????????? ????????????????????,1,Online_Scam
???????? ???????????? ??? ? ????? ????????????????????? ????????????? ? QR Code ??? Scan ?????,1,Online_Scam
?????????? ????????????????? ????????????? ??? ????? ??? ????????????? ???????????,1,Recruitment
???? KPay ?????????? ?????????????? ??????????? ????????????????? ??????????? Password ?????????,1,Online_Scam
????????????? Video ??????????????? ?????????????????????? ?????? ? ????????????????,1,Recruitment
Wave Pay Account ??? Level 3 ???? ????????????????? OTP ???? ? ??????? ???????????? Admin ?? ?????????,1,Online_Scam
????????????????? ?????????? ????????????? ??? ??? ? ?????????? ???????????? ???????????????,1,Recruitment
Facebook ??????? ??????????????????? ????????? ???????????????????????? ??????????? ????????,1,Online_Scam
KPay ???????? ?????????????????? ????? ???? ??????????????????? ???????????????????,1,Online_Scam
???????????? ??????????? ?????????????? ??????????? ? ????????? ? ??????????? ?????????????,1,Online_Scam
Mytel ?? ? ????????? ???????????????? ????????? ? ????? ?????????????? ????????????????,1,Online_Scam
???????????? ??????????????????? ???? ?? ?????????? ?????????????????? ????????????????,1,Recruitment
????????????????? ??????????? ??? ?? ????? ???????????????? ?????????????? ???????????????,1,Online_Scam
???????????? ??????????????????? ???????????????? ??? ????? ?? ??????? ????????? ???????????,1,Recruitment
TikTok Video ??????? Like ????? Share ??????????????? ?????? ? ??????????? ??????????????,1,Recruitment
KPay update ??????? Play Store ??????? SMS ?? ??????????????? APK ??? ???????????????,1,Online_Scam
????????????? ?????????? ????????????????????????? ?????????????????? ?????????????,1,Health_Fake
????????????? ??? ?? ????? ?????????????? ??????????? ??????????? ????????????????????,1,Online_Scam
????? ??????????????????? ??????????????????? ??????????????????? ??? ????? ??,1,Recruitment
Wave Money ?? ????? ?? ?????????????? ????????????????? ??????????? ?????????????,1,Online_Scam
????????????? ??????????????? ?????? ? ?????????? ??????? ? ????? ???????????,1,Recruitment
KPay Level 2 ???????????????? ??????????????? ??????? Password ????????????????,1,Online_Scam
????????????? ???????????????? ????????????????????????? ????????? ??????????????,1,Health_Fake
Amazon ????? ????????????? ???????????? ???????????????????????? ????????? ??% ????,1,Recruitment
??????? ???????????? ????? ??? ??????????????????????? ????????? ??????????????,1,Online_Scam
???????????? ???????????????????? ???????????????? ??? ?? ???????????? ???????????????????,1,Recruitment
Facebook ?????????? ?????????????????? (Blue Mark) ?????????? ??????????? Login ?????,1,Online_Scam
KPay ??????????????????? ?????????????????? ????? ???? ?????????????? ??????????????,1,Online_Scam
Messenger ????????? ??????????????????????????????? ??????????????????????????,1,Online_Scam
???????????? ??????????? ???????????????????? ??????????????? ????????????????? ???????????,1,Online_Scam
????????? ????????????????????????????????? ??% ?????????????? ?????????????????,1,Recruitment
?????????????? ??????????????? ???????????????? ????????? ??????????? ??????,1,Online_Scam
?????????????????????????? ?????? ????? ??? ????? ???????????? ?????????????,1,Online_Scam
?????????? ????????????????? ???? ?? ???????? ????????? ? ????? ???????????,1,Recruitment
KPay ????????????? ???????????????????? ?????????????? OTP ?????????????,1,Online_Scam
Amazon ?????????????????????? ?????????????????? ??? ????? ?? ????? ??????????????,1,Recruitment
????????????? VIP Group ??????? ?????? ?????????????? ???? ? ???????? ?????????,1,Online_Scam
???????????????????????????????? ????????? ????? ?? ???????? ?????????????????,1,Recruitment
??????????????? ??????????????? ????????????????? ??????????? ??????????? ????????,1,Online_Scam
??????? Gmail ??????? Password ??? ????????????????? ?????????? ????????????????,1,Online_Scam
KPay update ??????? SMS ?????????? ???????????? ??????????????????????,1,Online_Scam
????????????? Amazon ????????? ????????????? ?????? ? ????????????,1,Recruitment
?????????????????? ????????????????? iPhone 16 Pro Max ??????? ?????????????,1,Online_Scam
Wave Money ????????????? ???????????????????? ?????????????? ???????????????,1,Online_Scam
Facebook Video ????????????? ???? ????? ?? ????? ????????????????????,1,Recruitment
????????????????? ? ????????? ?? ????????????? ????????? ?????????????,1,Health_Fake
???????????? ???????? ?????????????? ????????? ? ?????? ???????????????,1,Online_Scam
??????????? ??????????????????????? ????????? ???????????????????,1,Recruitment
KPay Level ???????????????? ????????????? ??????????????????? ??????????,1,Online_Scam
????????????? ???????????????????? ???????????? ????? ?? ?? ????,1,Online_Scam
???????????? Data Entry ??????? ????????? ??? ???????????? ??? ????? ??,1,Recruitment
KPay ????????? ????????????? ????????????????? ????????? ?????????????,1,Online_Scam
???????????? ??????????? ???????????????????? ????????????????????????????,1,Online_Scam
????????? ????????????????????????????????? ???????????????????????? ????????????,1,Recruitment
Wave Pay ??????? ??????????????????? ???????????? Password ???????????,1,Online_Scam
?????????????? ???????????? ??????????????????? ???? ?? ?????????,1,Recruitment
??????? Gmail ????????????? ???????????? ???????????????? ????????? ???????,1,Online_Scam
???????? ???????????????? ????????? ? ?????????????????? ?????????????????,1,Recruitment
KPay ????????????? ??????????????????? ?????????????? OTP ?????????????,1,Online_Scam
Grab Driver ????? ???????????? ???????? ?????? ????? ???????????? ????????????????????,1,Recruitment
????????? ? ????? ????????????? ????????? Group ?? ???? Share ??,1,Online_Scam
KPay ?? ????????? ????? ???? ??????????????????? ???????????????????? ??????,1,Online_Scam
?????????????????? ???????????? ?????????????? ?????? ?????????? ???????,1,Recruitment
Facebook Page ?????????????????????? ?????????????????????? Block ?????????,1,Online_Scam
?????????????? ?????????????????? ???? ?? ?????????? Data Entry ????????,1,Recruitment
Telegram Channel ??????????? ?????? ? ?????? ??????????? ?????????????,1,Online_Scam
??????????????? ??????????????? ????????????????? ??????????? ????????????????,1,Online_Scam
KPay update ??????? SMS ?????????? ???????????? ????????????????????,1,Online_Scam
????????????? Amazon ????????? ????????????? ?????? ? ?????????,1,Recruitment
?????????????????? ?????????? ????????????????????? ??????? ? ???????? ?????????????,1,Recruitment
?????????????? Like ???????? ????????? ???????????? ? ????????????? ??? ? ??????????,1,Recruitment
?????????????????????????? ?????????????? Page ?? ?????????? ????? ?? ???????,1,Online_Scam
?????????? ????????????????? ???? ?? ?? ???????????????????? ??????? ??????,1,Recruitment
???? KPay ?????????? ????????? ???????????????? ??????????? ???????????????,1,Online_Scam
?????????????????????? ?????????? SMS ????????? ???????????????????????????,1,Online_Scam
Amazon VIP ????????? ???????????????? ???????? ? ????? ?????????????,1,Recruitment
TikTok Video ??????? Copy ??????? ??????????????? ???? ????? ?? ????,1,Recruitment
????????????? ??? ? ????? ?????????????? ?????????????????? ????????????,1,Online_Scam
????????????? ??????????????? ?????? ? ?????????? ??????? ? ?????? ???????????,1,Recruitment
KPay Level ???????????????? ???????????? OTP ??????? ????????????????,1,Online_Scam
???????????? ??????????? ???????????????????? ????????? ? ?????? ???????????????????,1,Online_Scam
??????????? ?????????????? ???????????????? ??? ?? ?????????? ????????? ??????,1,Recruitment
Facebook ???????? ????????????????????????????? ?????????????????????? Block ?????????,1,Online_Scam
???????????? ???????????? ??? ????? ?? ??????? ???????? ??????????????,1,Recruitment
KPay ?????????????? ?????????? ????? ????????????? OTP ??????????????,1,Online_Scam
????????? ????????????????????????????????? ???????????????????????? ????????????,1,Recruitment
Amazon ?????? ????????????????? ????????????? ??????????????? ?????????????????,1,Recruitment
????????? ???????????????????? ????????????????????? ???????????? ????????????,1,Recruitment
???????????????????????????????? ?????????????????????? ????? ??? ????? ???????????,1,Recruitment
????????????????????? ????????????? ???????????? ???? ????? ?? ??????,1,Recruitment
???????????????????? ???????????????? ?????????? ???????????????,1,Online_Scam
???????????? ????????????????????? ??????????? ?? ??????????? ?????????????,1,Online_Scam
KPay update ??????? App ?????????????????? ?? website ???????????,1,Online_Scam
??????????????????? ???????????????????? ?????????? ?????????????,1,Health_Fake
????????????????????? ???? ? ?????????? Application ????,1,Online_Scam
????????????? ?????????? ????? ??? ??????????????????????? ?????????????????????,1,Online_Scam
KPay ??????? ???????????? ????????????????? ???????????? link ??????????,1,Online_Scam
???????-??????? ?????????????????? ???????????? ???????????????????? ????????????,1,Online_Scam
?????????????? ???????????? ??????????????????? ???? ?? ?????????,1,Recruitment
???????????? ?????????????????? ??????????????????????????? ???????????????? ????????????????????,1,Online_Scam
????????????????????????? ???????????? ????? ???????????????? ????????????????? ????????????? ? QR ??? Scan ?????,1,Online_Scam
KPay ?????????????? ???????????????? ????????????????? ??????????? ?????????????? ???????? ????????????????,1,Online_Scam
??????????????????? ?????????? ????????? ??? ???????????? ?????????????????? ???? ?????? ???????????? ???????????????,1,Recruitment
AI ???????????? ???????????? ????????????? App? ?????????????????????? ?????? ? ?????? ???????????????,1,Online_Scam
????????????????????? ?????????????????????? Wave Account ??????????? ????????? ???????????????,1,Donation_Scam
????????????????? ???????????????????? ????????????? ??? ??? ? ??????? ???? ?? ??????????,1,Recruitment
???? Facebook ?????????? ???????????????? ???????????????? ?? ?????????? ??????????????? ???????????,1,Online_Scam
KPay ???????? ?????????? ?????????? ????? ???? ??????????????????? ??????????????? ????????????,1,Online_Scam
???????????? ?????????? ??????????? ?.? ????? ?? ??????????? ?????????????? ????????? ???????????,1,Online_Scam
Mytel ?? ? ????????? ???????????????? ????????? ? ????? ?????????????? ????????????????,1,Online_Scam
????????????? Amazon ????????????? Review ??????????? ???? ?? ?????????? ?????????????????,1,Recruitment
????????????????? ??????????? ??? ????? ?? ???????????????? ?????????????? ???????????????,1,Online_Scam
???????????? ??????????????????? ???????????????? ??? ????? ?? ??????? ????????? ???????????,1,Recruitment
TikTok Video ??????? Like ????? Share ??????????????? ?????? ? ??????????? ??????????????,1,Recruitment
KPay update ??????? Play Store ??????? SMS ?? ??????????????? APK ??? ???????????????,1,Online_Scam
??????????????????? ?????????? ? ????????? ????????????????????????? ?????????????????? ?????????,1,Health_Fake
????????????? ??? ?? ????? ?????????????? ????????????????????? ??????????? ????????????????????,1,Online_Scam
????? ??????????????????? ??????????????????? ??????????????????? ??? ????? ???? ?????????????,1,Recruitment
Wave Money ?? ????? ?? ?????????????? ????????????????? ??????????? ?????????????,1,Online_Scam
????????????? ??????????????? ?????? ? ?????????? ??????? ? ????? ???????????,1,Recruitment
KPay Level 2 ???????????????? ??????????????? ??????? Password ????????????????,1,Online_Scam
?????????????? ???????????????? ????????????????????????? ????????? ??????????????,1,Health_Fake
Amazon ????? ????????????? ???????????? ???????????????????????? ????????? ??% ????,1,Recruitment
??????? ???????????? ????? ???? ??????????????????????? ????????? ??????????????,1,Online_Scam
???????????? ???????????????????? ???????????????? ??? ????? ?? ??????? ???????????????????,1,Recruitment
Facebook ?????????? ?????????????????? (Blue Mark) ?????????? ??????????? Login ?????,1,Online_Scam
KPay ??????????????????? ?????????????????? ????? ???? ?????????????? ??????????????,1,Online_Scam
Messenger ????????? ??????????????????????????????? ??????????????????????????,1,Online_Scam
???????????? ??????????? ???????????????????? ??????????????? ????????????????? ???????????,1,Online_Scam
????????? ????????????????????????????????? ??% ?????????????? ?????????????????,1,Recruitment
?????????????? ??????????????? ???????????????? ????????? ??????????? ??????,1,Online_Scam
?????????????????????????? ?????? ????? ??? ????? ???????????? ?????????????,1,Online_Scam
?????????? ????????????????? ???? ?? ???????? ????????? ?? ????? ???????????,1,Recruitment
KPay ????????????? ???????????????????? ?????????????? OTP ?????????????,1,Online_Scam
Amazon ?????????????????????? ?????????????????? ??? ????? ?? ????? ??????????????,1,Recruitment
????????????? VIP Group ??????? ?????? ?????????????? ???? ? ????? ?????????,1,Online_Scam
???????????????????????????????? ????????? ????? ??? ???????? ?????????????????,1,Recruitment
??????????????? ??????????????? ????????????????? ??????????? ??????????? ????????,1,Online_Scam
??????? Gmail ??????? Password ??? ????????????????? ?????????? ????????????????,1,Online_Scam
KPay update ??????? SMS ?????????? ???????????? ??????????????????????,1,Online_Scam
????????????? Amazon ????????? ????????????? ?????? ? ?????????,1,Recruitment
?????????????????? ????????????????? iPhone 17 Pro Max ??????? ?????????????,1,Online_Scam
Wave Money ????????????? ???????????????????? ?????????????? ???????????????,1,Online_Scam
Facebook Video ????????????? ???? ????? ?? ????? ????????????????????,1,Recruitment
????????????????? ? ????????? ?? ????????????? ????????? ?????????????,1,Health_Fake
???????????? ???????? ?????????????? ????????? ? ?????? ???????????????,1,Online_Scam
??????????? ??????????????????????? ????????? ???????????????????,1,Recruitment
KPay Level ???????????????? ????????????? ??????????????????? ??????????,1,Online_Scam
????????????? ???????????????????? ???????????? ????? ?? ?? ????,1,Online_Scam
???????????? Data Entry ??????? ????????? ??? ???????????? ??? ????? ??,1,Recruitment
KPay ????????? ????????????? ????????????????? ????????? ?????????????,1,Online_Scam
???????????? ??????????? ???????????????????? ????????????????????????????,1,Online_Scam
????????? ????????????????????????????????? ???????????????????????? ????????????,1,Recruitment
Wave Pay ??????? ??????????????????? ???????????? Password ???????????,1,Online_Scam
?????????????? ???????????? ??????????????????? ???? ?? ?????????,1,Recruitment
??????? Gmail ????????????? ???????????? ???????????????? ????????? ???????,1,Online_Scam
???????? ???????????????? ????????? ?? ?????????????????? ?????????????????,1,Recruitment
KPay ????????????? ??????????????????? ?????????????? OTP ?????????????,1,Online_Scam
Grab Driver ????? ???????????? ???????? ?????? ????? ???????????? ????????????????????,1,Recruitment
????????? ? ????? ????????????? ????????? Group ?? ???? Share ??,1,Online_Scam
KPay ?? ????????? ????? ????? ??????????????????? ???????????????????? ??????,1,Online_Scam
?????????????????? ???????????? ?????????????? ?????? ?????????? ???????,1,Recruitment
Facebook Page ?????????????????????? ?????????????????????? Block ?????????,1,Online_Scam
?????????????? ?????????????????? ???? ?? ?????????? Data Entry ????????,1,Recruitment
Telegram Channel ??????????? ?????? ? ?????? ??????????? ?????????????,1,Online_Scam
??????????????? ??????????????? ????????????????? ??????????? ????????????????,1,Online_Scam
KPay update ??????? SMS ?????????? ???????????? ????????????????????,1,Online_Scam
????????????? Amazon ????????? ????????????? ?????? ? ?????????,1,Recruitment
?????????????????? ?????????? ????????????????????? ??????? ? ????? ?????????????,1,Recruitment
?????????????? Like ???????? ????????? ???????????? ? ????????????? ??? ? ??????????,1,Recruitment
?????????????????????????? ?????????????? Page ?? ?????????? ????? ?? ???????,1,Online_Scam
?????????? ????????????????? ???? ?? ?? ???????????????????? ??????? ??????,1,Recruitment
???? KPay ?????????? ????????? ???????????????? ??????????? ???????????????,1,Online_Scam
?????????????????????? ?????????? SMS ????????? ???????????????????????????,1,Online_Scam
Amazon VIP ????????? ???????????????? ???????? ? ????? ?????????????,1,Recruitment
TikTok Video ??????? Copy ??????? ??????????????? ???? ????? ??? ????,1,Recruitment
????????????? ??? ?? ????? ?????????????? ?????????????????? ????????????,1,Online_Scam
????????????? ??????????????? ?????? ? ?????????? ??????? ? ????? ???????????,1,Recruitment
KPay Level ???????????????? ???????????? OTP ??????? ????????????????,1,Online_Scam
???????????? ??????????? ???????????????????? ????????? ? ?????? ???????????????????,1,Online_Scam
??????????? ?????????????? ???????????????? ??? ?? ?????????? ????????? ??????,1,Recruitment
Facebook ???????? ????????????????????????????? ?????????????????????? Block ?????????,1,Online_Scam
???????????? ???????????? ??? ????? ?? ??????? ???????? ??????????????,1,Recruitment
KPay ?????????????? ?????????? ????? ????????????? OTP ??????????????,1,Online_Scam
????????? ????????????????????????????????? ???????????????????????? ????????????,1,Recruitment
Amazon ?????? ????????????????? ????????????? ??????????????? ?????????????????,1,Recruitment
????????? ???????????????????? ????????????????????? ???????????? ????????????,1,Recruitment
???????????????????????????????? ?????????????????????? ????? ??? ????? ???????????,1,Recruitment
????????????????????? ????????????? ???????????? ???? ????? ??? ??????,1,Recruitment
???????????????????? ???????????????? ?????????? ???????????????,1,Online_Scam
???????????? ????????????????????? ??????????? ?? ??????????? ?????????????,1,Online_Scam
KPay update ??????? App ?????????????????? ?? website ???????????,1,Online_Scam
??????????????????? ???????????????????? ?????????? ?????????????,1,Health_Fake
????????????????????? ???? ?? ?????????? Application ????,1,Online_Scam
????????????? ?????????? ????? ??? ??????????????????????? ?????????????????????,1,Online_Scam
KPay ??????? ???????????? ????????????????? ???????????? link ??????????,1,Online_Scam
???????-??????? ?????????????????? ???????????? ???????????????????? ????????????,1,Online_Scam
?????????????? ???????????? ??????????????????? ???? ?? ?????????,1,Recruitment
???????????? ?????????????????? ??????????????????????????? ???????????????? ????????????????????,1,Online_Scam
?????????????????? ??????????????????????????????? ????????????? ??????????????? ??????????? ?????????,1,Blackmail_Scam
????????? ??????????????????????? (D-Kyat) ?????????????? ??????????????? ?????????????????,1,Online_Scam
???????????? ????????????? ?????? ? ????? ???????????? Application? ????? ? ???????? ????????????,1,Betting_Scam
????????????????? (Passport) ??? ??????????????????????? ????????? ?? ???????? ????????????????,1,Recruitment
KPay Level 2 ????????????????? ??????????????????? ????????????????? ? Telegram ???? ?????????,1,Online_Scam
????????????????? ?????????????? ????????????? ??? ??? ? ??????? ?????????????????? ??????????????,1,Recruitment
Facebook ?????????? ???????????????? Hack ??? ????????????????? ????????? ????????? Login ?????,1,Online_Scam
KPay ???????? ?? ????????? ?????????? ????? ???? ??????????????????? ?????????????????????,1,Online_Scam
???????????? ?????????? ??????????? ?.? ????? ? ??????????? ?????????????? ????????? ???????????,1,Online_Scam
Mytel ?? ?? ????????? ???????????????? ????????? ? ????? ?????????????? ????????????????,1,Online_Scam
????????????? Amazon ????????????? Review ??????????? ???? ?? ?????????? ?????????????????,1,Recruitment
????????????????? ??????????? ??? ????? ??? ???????????????? ?????????????? ???????????????,1,Online_Scam
???????????? ??????????????????? ???????????????? ??? ????? ?? ??????? ????????? ???????????,1,Recruitment
TikTok Video ??????? Like ????? Share ??????????????? ?????? ? ??????????? ??????????????,1,Recruitment
KPay update ??????? Play Store ??????? SMS ?? ??????????????? APK ??? ???????????????,1,Online_Scam
??????????????? ??????????????????? ? ????????? ????????????????????????? ??????????????????,1,Health_Fake
????????????? ??? ????? ?? ?????????????? ??????????? ??????????? ????????????????????,1,Online_Scam
????? ??????????????????? ??????????????????? ??????????????????? ??? ????? ???? ?????????????,1,Recruitment
Wave Money ?? ????? ??? ?????????????? ????????????????? ??????????? ?????????????,1,Online_Scam
????????????? ??????????????? ?????? ? ?????????? ??????? ? ???????? ???????????,1,Recruitment
KPay Level 2 ???????????????? ??????????????? ??????? Password ????????????????,1,Online_Scam
?????????????? ???????????????? ????????????????????????? ????????? ??????????????,1,Health_Fake
Amazon ????? ????????????? ???????????? ???????????????????????? ????????? ??% ????,1,Recruitment
??????? ???????????? ????? ???? ??????????????????????? ????????? ??????????????,1,Online_Scam
???????????? ???????????????????? ???????????????? ??? ????? ?? ??????? ???????????????????,1,Recruitment
Facebook ?????????? ?????????????????? (Blue Mark) ?????????? ??????????? Login ?????,1,Online_Scam
KPay ??????????????????? ?????????????????? ????? ????? ?????????????? ??????????????,1,Online_Scam
Messenger ????????? ??????????????????????????????? ??????????????????????????,1,Online_Scam
???????????? ??????????? ???????????????????? ??????????????? ????????????????? ???????????,1,Online_Scam
????????? ????????????????????????????????? ??% ?????????????? ?????????????????,1,Recruitment
?????????????? ??????????????? ???????????????? ????????? ??????????? ??????,1,Online_Scam
?????????????????????????? ?????? ????? ??? ????? ???????????? ?????????????,1,Online_Scam
?????????? ????????????????? ???? ?? ???????? ????????? ?? ????? ???????????,1,Recruitment
KPay ????????????? ???????????????????? ?????????????? OTP ?????????????,1,Online_Scam
Amazon ?????????????????????? ?????????????????? ??? ????? ?? ????? ??????????????,1,Recruitment
????????????? VIP Group ??????? ?????? ?????????????? ???? ? ????? ?????????,1,Online_Scam
???????????????????????????????? ????????? ????? ??? ???????? ?????????????????,1,Recruitment
??????????????? ??????????????? ????????????????? ??????????? ??????????? ????????,1,Online_Scam
??????? Gmail ??????? Password ??? ????????????????? ?????????? ????????????????,1,Online_Scam
KPay update ??????? SMS ?????????? ???????????? ??????????????????????,1,Online_Scam
????????????? Amazon ????????? ????????????? ?????? ? ?????????,1,Recruitment
?????????????????? ????????????????? iPhone 18 Pro Max ??????? ?????????????,1,Online_Scam
Wave Money ????????????? ???????????????????? ?????????????? ???????????????,1,Online_Scam
Facebook Video ????????????? ???? ????? ?? ????? ????????????????????,1,Recruitment
????????????????? ? ????????? ?? ????????????? ????????? ?????????????,1,Health_Fake
???????????? ???????? ?????????????? ????????? ? ?????? ???????????????,1,Online_Scam
??????????? ??????????????????????? ????????? ???????????????????,1,Recruitment
KPay Level ???????????????? ????????????? ??????????????????? ??????????,1,Online_Scam
????????????? ???????????????????? ???????????? ????? ?? ??? ????,1,Online_Scam
???????????? Data Entry ??????? ????????? ??? ???????????? ??? ????? ??,1,Recruitment
KPay ????????? ????????????? ????????????????? ????????? ?????????????,1,Online_Scam
???????????? ??????????? ???????????????????? ????????????????????????????,1,Online_Scam
????????? ????????????????????????????????? ???????????????????????? ????????????,1,Recruitment
Wave Pay ??????? ??????????????????? ???????????? Password ???????????,1,Online_Scam
?????????????? ???????????? ??????????????????? ???? ?? ?????????,1,Recruitment
??????? Gmail ????????????? ???????????? ???????????????? ????????? ???????,1,Online_Scam
???????? ???????????????? ????????? ?? ?????????????????? ?????????????????,1,Recruitment
KPay ????????????? ??????????????????? ?????????????? OTP ?????????????,1,Online_Scam
Grab Driver ????? ???????????? ???????? ?????? ????? ???????????? ????????????????????,1,Recruitment
????????? ? ????? ????????????? ????????? Group ?? ???? Share ??,1,Online_Scam
KPay ?? ????????? ????? ????? ??????????????????? ???????????????????? ??????,1,Online_Scam
?????????????????? ???????????? ?????????????? ?????? ?????????? ???????,1,Recruitment
Facebook Page ?????????????????????? ?????????????????????? Block ?????????,1,Online_Scam
?????????????? ?????????????????? ???? ?? ?????????? Data Entry ????????,1,Recruitment
Telegram Channel ??????????? ?????? ? ?????? ??????????? ?????????????,1,Online_Scam
??????????????? ??????????????? ????????????????? ??????????? ????????????????,1,Online_Scam
KPay update ??????? SMS ?????????? ???????????? ????????????????????,1,Online_Scam
????????????? Amazon ????????? ????????????? ?????? ? ?????????,1,Recruitment
?????????????????? ?????????? ????????????????????? ??????? ? ????? ?????????????,1,Recruitment
?????????????? Like ???????? ????????? ???????????? ?? ????????????? ??? ? ??????????,1,Recruitment
?????????????????????????? ?????????????? Page ?? ?????????? ????? ?? ???????,1,Online_Scam
?????????? ????????????????? ???? ?? ?? ???????????????????? ??????? ??????,1,Recruitment
???? KPay ?????????? ????????? ???????????????? ??????????? ???????????????,1,Online_Scam
?????????????????????? ?????????? SMS ????????? ???????????????????????????,1,Online_Scam
Amazon VIP ????????? ???????????????? ???????? ? ????? ?????????????,1,Recruitment
TikTok Video ??????? Copy ??????? ??????????????? ???? ????? ??? ????,1,Recruitment
????????????? ??? ?? ????? ?????????????? ?????????????????? ????????????,1,Online_Scam
????????????? ??????????????? ?????? ? ?????????? ??????? ? ???????? ???????????,1,Recruitment
KPay Level ???????????????? ???????????? OTP ??????? ????????????????,1,Online_Scam
???????????? ??????????? ???????????????????? ????????? ? ?????? ???????????????????,1,Online_Scam
??????????? ?????????????? ???????????????? ??? ?? ?????????? ????????? ??????,1,Recruitment
Facebook ???????? ????????????????????????????? ?????????????????????? Block ?????????,1,Online_Scam
???????????? ???????????? ??? ????? ?? ??????? ???????? ??????????????,1,Recruitment
KPay ?????????????? ?????????? ????? ????????????? OTP ??????????????,1,Online_Scam
????????? ????????????????????????????????? ???????????????????????? ????????????,1,Recruitment
Amazon ?????? ????????????????? ????????????? ??????????????? ?????????????????,1,Recruitment
????????? ???????????????????? ????????????????????? ???????????? ????????????,1,Recruitment
???????????????????????????????? ?????????????????????? ????? ??? ????? ???????????,1,Recruitment
????????????????????? ????????????? ???????????? ???? ????? ??? ??????,1,Recruitment
???????????????????? ???????????????? ?????????? ???????????????,1,Online_Scam
???????????? ????????????????????? ??????????? ?? ??????????? ?????????????,1,Online_Scam
KPay update ??????? App ?????????????????? ?? website ???????????,1,Online_Scam
??????????????????? ???????????????????? ?????????? ?????????????,1,Health_Fake
????????????????????? ???? ????? ?? ????? Application ????,1,Online_Scam
????????????? ?????????? ????? ??? ??????????????????????? ?????????????????????,1,Online_Scam
KPay ??????? ???????????? ????????????????? ???????????? link ??????????,1,Online_Scam
???????-??????? ?????????????????? ???????????? ???????????????????? ????????????,1,Online_Scam
?????????????? ???????????? ??????????????????? ???? ?? ?????????,1,Recruitment
???????????? ?????????????????? ??????????????????????????? ???????????????? ????????????????????,1,Online_Scam
AI ??????????????? ????????????????????? ???????????? ??????????? Video Call ?????? ??????????????????????,1,AI_Deepfake
Metaverse ???????? ????????????????????????? ?????????????????? ?????????? ????? ? ?????,1,Metaverse_Scam
KPay QR Code ???????? ????????????? ????????????????????? ????????????? App ?????? ?????????????,1,Payment_Scam
???????????????? ???????????????????? ???????????????? ??? ????? ?? ??????? ????????? ??????????,1,Recruitment
Wave Pay ?????????????????????????? ???????????? Admin ?? OTP ??????????? ????????????????????,1,Online_Scam
????????????????? ?????????????????? ???? ?? ???????????? ??? ??? ? ?????????? ??????????????,1,Recruitment
???? Facebook ?????????? ???????????????? ???????????????? ? ?????????? ?????????? ????????????,1,Online_Scam
KPay ???????? ?????????????????????? ????? ???? ??????????????????? ?????????????????????,1,Online_Scam
???????????? ?????????? ??????????? ?.? ????? ?? ??????????? ?????????????? ????????? ???????????,1,Online_Scam
Mytel ?? ?? ????????? ???????????????? ????????? ? ????? ?????????????? ????????????????,1,Online_Scam
????????????? Amazon ????????????? Review ??????????? ?????? ? ?????????? ?????????????????,1,Recruitment
????????????????? ??????????? ??? ????? ?? ???????????????? ?????????????? ???????????????,1,Online_Scam
???????????? ??????????????????? ???????????????? ??? ????? ??? ??????? ????????? ???????????,1,Recruitment
TikTok Video ??????? Like ????? Share ??????????????? ?????? ? ??????????? ??????????????,1,Recruitment
KPay update ??????? Play Store ??????? SMS ?? ??????????????? APK ??? ???????????????,1,Online_Scam
???????????????? ??????????? ? ????????? ????????????????????????? ?????????????????? ?????????,1,Health_Fake
????????????? ??? ?? ????? ?????????????? ??????????? ??????????? ????????????????????,1,Online_Scam
????? ??????????????????? ??????????????????? ??????????????????? ??? ????? ???? ?????????????,1,Recruitment
Wave Money ?? ????? ??? ?????????????? ????????????????? ??????????? ?????????????,1,Online_Scam
????????????? ??????????????? ?????? ? ?????????? ??????? ? ????? ???????????,1,Recruitment
KPay Level 2 ???????????????? ??????????????? ??????? Password ????????????????,1,Online_Scam
????????????? ???????????????? ????????????????????????? ????????? ??????????????,1,Health_Fake
Amazon ????? ????????????? ???????????? ???????????????????????? ????????? ??% ????,1,Recruitment
??????? ???????????? ????? ???? ??????????????????????? ????????? ??????????????,1,Online_Scam
???????????? ???????????????????? ???????????????? ??? ????? ?? ??????? ???????????????????,1,Recruitment
Facebook ?????????? ?????????????????? (Blue Mark) ?????????? ??????????? Login ?????,1,Online_Scam
KPay ??????????????????? ?????????????????? ????? ????? ?????????????? ??????????????,1,Online_Scam
Messenger ????????? ??????????????????????????????? ??????????????????????????,1,Online_Scam
???????????? ??????????? ???????????????????? ??????????????? ????????????????? ???????????,1,Online_Scam
????????? ????????????????????????????????? ??% ?????????????? ?????????????????,1,Recruitment
?????????????? ??????????????? ???????????????? ????????? ??????????? ??????,1,Online_Scam
?????????????????????????? ?????? ????? ??? ????? ???????????? ?????????????,1,Online_Scam
?????????? ????????????????? ???? ?? ???????? ????????? ?? ????? ???????????,1,Recruitment
KPay ????????????? ???????????????????? ?????????????? OTP ?????????????,1,Online_Scam
Amazon ?????????????????????? ?????????????????? ??? ????? ?? ????? ??????????????,1,Recruitment
????????????? VIP Group ??????? ?????? ?????????????? ???? ? ????? ?????????,1,Online_Scam
???????????????????????????????? ????????? ????? ??? ???????? ?????????????????,1,Recruitment
??????????????? ??????????????? ????????????????? ??????????? ??????????? ????????,1,Online_Scam
??????? Gmail ??????? Password ??? ????????????????? ?????????? ????????????????,1,Online_Scam
KPay update ??????? SMS ?????????? ???????????? ??????????????????????,1,Online_Scam
????????????? Amazon ????????? ????????????? ?????? ? ?????????,1,Recruitment
?????????????????? ????????????????? iPhone 18 Pro Max ??????? ?????????????,1,Online_Scam
Wave Money ????????????? ???????????????????? ?????????????? ???????????????,1,Online_Scam
Facebook Video ????????????? ???? ????? ??? ????? ????????????????????,1,Recruitment
????????????????? ? ????????? ?? ????????????? ????????? ?????????????,1,Health_Fake
???????????? ???????? ?????????????? ????????? ? ?????? ???????????????,1,Online_Scam
??????????? ??????????????????????? ????????? ???????????????????,1,Recruitment
KPay Level ???????????????? ????????????? ??????????????????? ??????????,1,Online_Scam
????????????? ???????????????????? ???????????? ????? ?? ?? ????,1,Online_Scam
???????????? Data Entry ??????? ????????? ??? ???????????? ??? ????? ??,1,Recruitment
KPay ????????? ????????????? ????????????????? ????????? ?????????????,1,Online_Scam
???????????? ??????????? ???????????????????? ????????????????????????????,1,Online_Scam
????????? ????????????????????????????????? ???????????????????????? ????????????,1,Recruitment
Wave Pay ??????? ??????????????????? ???????????? Password ???????????,1,Online_Scam
?????????????? ???????????? ??????????????????? ???? ?? ?????????,1,Recruitment
??????? Gmail ????????????? ???????????? ???????????????? ????????? ???????,1,Online_Scam
???????? ???????????????? ????????? ?? ?????????????????? ?????????????????,1,Recruitment
KPay ????????????? ??????????????????? ?????????????? OTP ?????????????,1,Online_Scam
Grab Driver ????? ???????????? ???????? ?????? ????? ???????????? ????????????????????,1,Recruitment
????????? ?? ????? ????????????? ????????? Group ?? ???? Share ??,1,Online_Scam
KPay ?? ????????? ????? ????? ??????????????????? ???????????????????? ??????,1,Online_Scam
?????????????????? ???????????? ?????????????? ?????? ?????????? ???????,1,Recruitment
Facebook Page ?????????????????????? ?????????????????????? Block ?????????,1,Online_Scam
?????????????? ?????????????????? ???? ?? ?????????? Data Entry ????????,1,Recruitment
Telegram Channel ??????????? ?????? ? ?????? ??????????? ?????????????,1,Online_Scam
??????????????? ??????????????? ????????????????? ??????????? ????????????????,1,Online_Scam
KPay update ??????? SMS ?????????? ???????????? ????????????????????,1,Online_Scam
????????????? Amazon ????????? ????????????? ?????? ? ?????????,1,Recruitment
?????????????????? ?????????? ????????????????????? ??????? ? ???????? ?????????????,1,Recruitment
?????????????? Like ???????? ????????? ???????????? ? ????????????? ??? ? ??????????,1,Recruitment
?????????????????????????? ?????????????? Page ?? ?????????? ????? ?? ???????,1,Online_Scam
?????????? ????????????????? ???? ?? ?? ???????????????????? ??????? ??????,1,Recruitment
???? KPay ?????????? ????????? ???????????????? ??????????? ???????????????,1,Online_Scam
?????????????????????? ?????????? SMS ????????? ???????????????????????????,1,Online_Scam
Amazon VIP ????????? ???????????????? ???????? ? ????? ?????????????,1,Recruitment
TikTok Video ??????? Copy ??????? ??????????????? ???? ????? ??? ????,1,Recruitment
????????????? ??? ?? ????? ?????????????? ?????????????????? ????????????,1,Online_Scam
????????????? ??????????????? ?????? ?? ?????????? ??????? ? ???????? ???????????,1,Recruitment
KPay Level ???????????????? ???????????? OTP ??????? ????????????????,1,Online_Scam
???????????? ??????????? ???????????????????? ????????? ? ?????? ???????????????????,1,Online_Scam
??????????? ?????????????? ???????????????? ??? ?? ?????????? ????????? ??????,1,Recruitment
Facebook ???????? ????????????????????????????? ?????????????????????? Block ?????????,1,Online_Scam
???????????? ???????????? ??? ????? ?? ??????? ???????? ??????????????,1,Recruitment
KPay ?????????????? ?????????? ????? ????????????? OTP ??????????????,1,Online_Scam
????????? ????????????????????????????????? ???????????????????????? ????????????,1,Recruitment
Amazon ?????? ????????????????? ????????????? ??????????????? ?????????????????,1,Recruitment
????????? ???????????????????? ????????????????????? ???????????? ????????????,1,Recruitment
???????????????????????????????? ?????????????????????? ????? ??? ????? ???????????,1,Recruitment
????????????????????? ????????????? ???????????? ???? ????? ??? ??????,1,Recruitment
???????????????????? ???????????????? ?????????? ???????????????,1,Online_Scam
???????????? ????????????????????? ??????????? ?? ??????????? ?????????????,1,Online_Scam
KPay update ??????? App ?????????????????? ?? website ???????????,1,Online_Scam
??????????????????? ???????????????????? ?????????? ?????????????,1,Health_Fake
????????????????????? ???? ????? ?? ????? Application ????,1,Online_Scam
????????????? ?????????? ????? ??? ??????????????????????? ?????????????????????,1,Online_Scam
KPay ??????? ???????????? ????????????????? ???????????? link ??????????,1,Online_Scam
???????-??????? ?????????????????? ???????????? ???????????????????? ????????????,1,Online_Scam
?????????????? ???????????? ??????????????????? ???? ????? ?? ????,1,Recruitment
???????????? ?????????????????? ??????????????????????????? ???????????????? ????????????????????,1,Online_Scam
??????????????????? ??????? ???????? ????????????????????? ???????????????????????? ? KPay ???? ??????????,1,Charity_Scam
????????? ????????? ?????????????????????? ??????????????????? ?????????????????????? ????????????????????,1,Online_Scam
???????????? ?????? ??????????????????? ?????????????????? KPay ?????????????????????? ????????????????????,1,Tech_Scam
???????????????????? ????????????????????????? ??? ????? ??? ???????????? ???????? ??????????,1,Recruitment
Wave Pay ???????????????? ?????????????????????? ????????????? Fake-Check Admin ?? OTP ??????????????????,1,Online_Scam
????????????????? ???????????????????? ???? ?? ??? ????????? ??? ??? ? ?????????? ??????????????,1,Recruitment
???? Facebook Messenger ??? ?????????????? ???????????????? ????????? ??????????? ????????????,1,Online_Scam
KPay ???????? ??????????????????????? ???????????? ???????????? Password ??? ?????????????,1,Online_Scam
???????????? ??????????? ?????????????? ??????????? ?.? ????? ? ?????????? ?????????????,1,Online_Scam
Mytel ?? ?? ????????? ???????????????? ????????? ? ????? ?????????????? ????????????????,1,Online_Scam
????????????? Google Review ??????????? ???? ?? ?????????? ?????????????????? ??????????????,1,Recruitment
????????????????? ??????????? ??? ????? ?? ???????????????? ?????????????? ???????????????,1,Online_Scam
???????????? ???????????????????? ???????????????? ??? ????? ??? ??????? ????????? ???????????,1,Recruitment
TikTok ??????? Like ????? Share ??????????????? ?????? ? ??????????? ??????????????,1,Recruitment
KPay update ??????? Play Store ??????? SMS ?? ??????????????? APK ??? ???????????????,1,Online_Scam
????????????????? ? ????????? ????????????????????????? ???????????????????? ?????????,1,Health_Fake
????????????? ??? ?? ????? ?????????????? ??????????? ??????????? ????????????????????,1,Online_Scam
????? ??????????????????? ??????????????????? ??????????????????? ??? ????? ???? ?????????????,1,Recruitment
Wave Money ?? ????? ??? ?????????????? ????????????????? ??????????? ?????????????,1,Online_Scam
????????????? ??????????????? ?????? ?? ?????????? ??????? ? ???????? ???????????,1,Recruitment
KPay Level 2 ???????????????? ??????????????? ??????? Password ????????????????,1,Online_Scam
????????????? ???????????????? ????????????????????????? ????????? ??????????????,1,Health_Fake
Amazon ????? ????????????? ???????????? ???????????????????????? ????????? ??% ????,1,Recruitment
??????? ???????????? ????? ???? ??????????????????????? ????????? ??????????????,1,Online_Scam
???????????? ???????????????????? ???????????????? ??? ????? ?? ??????? ???????????????????,1,Recruitment
Facebook ?????????? ?????????????????? (Blue Mark) ?????????? ??????????? Login ?????,1,Online_Scam
KPay ??????????????????? ?????????????????? ????? ????? ?????????????? ??????????????,1,Online_Scam
Messenger ????????? ??????????????????????????????? ??????????????????????????,1,Online_Scam
???????????? ??????????? ???????????????????? ??????????????? ????????????????? ???????????,1,Online_Scam
????????? ????????????????????????????????? ??% ?????????????? ?????????????????,1,Recruitment
?????????????? ??????????????? ???????????????? ????????? ??????????? ??????,1,Online_Scam
?????????????????????????? ?????? ????? ??? ????? ???????????? ?????????????,1,Online_Scam
?????????? ????????????????? ???? ?? ???????? ????????? ?? ????? ???????????,1,Recruitment
KPay ????????????? ???????????????????? ?????????????? OTP ?????????????,1,Online_Scam
Amazon ?????????????????????? ?????????????????? ??? ????? ?? ????? ??????????????,1,Recruitment
????????????? VIP Group ??????? ?????? ?????????????? ???? ? ????? ?????????,1,Online_Scam
???????????????????????????????? ????????? ????? ??? ???????? ?????????????????,1,Recruitment
??????????????? ??????????????? ????????????????? ??????????? ??????????? ????????,1,Online_Scam
??????? Gmail ??????? Password ??? ????????????????? ?????????? ????????????????,1,Online_Scam
KPay update ??????? SMS ?????????? ???????????? ??????????????????????,1,Online_Scam
????????????? Amazon ????????? ????????????? ?????? ? ?????????,1,Recruitment
?????????????????? ????????????????? iPhone 19 Pro Max ??????? ?????????????,1,Online_Scam
Wave Money ????????????? ???????????????????? ?????????????? ???????????????,1,Online_Scam
Facebook Video ????????????? ???? ????? ??? ????? ????????????????????,1,Recruitment
????????????????? ? ????????? ?? ????????????? ????????? ?????????????,1,Health_Fake
???????????? ???????? ?????????????? ????????? ? ?????? ???????????????,1,Online_Scam
??????????? ??????????????????????? ????????? ???????????????????,1,Recruitment
KPay Level ???????????????? ????????????? ??????????????????? ??????????,1,Online_Scam
????????????? ???????????????????? ???????????? ????? ?? ??? ????,1,Online_Scam
???????????? Data Entry ??????? ????????? ??? ???????????? ??? ????? ??,1,Recruitment
KPay ????????? ????????????? ????????????????? ????????? ?????????????,1,Online_Scam
???????????? ??????????? ???????????????????? ????????????????????????????,1,Online_Scam
????????? ????????????????????????????????? ???????????????????????? ????????????,1,Recruitment
Wave Pay ??????? ??????????????????? ???????????? Password ???????????,1,Online_Scam
?????????????? ???????????? ??????????????????? ???? ?? ?????????,1,Recruitment
??????? Gmail ????????????? ???????????? ???????????????? ????????? ???????,1,Online_Scam
???????? ???????????????? ????????? ?? ?????????????????? ?????????????????,1,Recruitment
KPay ????????????? ??????????????????? ?????????????? OTP ?????????????,1,Online_Scam
Grab Driver ????? ???????????? ???????? ?????? ????? ???????????? ????????????????????,1,Recruitment
????????? ?? ????? ????????????? ????????? Group ?? ???? Share ??,1,Online_Scam
KPay ?? ????????? ????? ????? ??????????????????? ???????????????????? ??????,1,Online_Scam
?????????????????? ???????????? ?????????????? ?????? ?????????? ???????,1,Recruitment
Facebook Page ?????????????????????? ?????????????????????? Block ?????????,1,Online_Scam
?????????????? ?????????????????? ???? ?? ?????????? Data Entry ????????,1,Recruitment
Telegram Channel ??????????? ?????? ? ?????? ??????????? ?????????????,1,Online_Scam
??????????????? ??????????????? ????????????????? ??????????? ????????????????,1,Online_Scam
KPay update ??????? SMS ?????????? ???????????? ????????????????????,1,Online_Scam
????????????? Amazon ????????? ????????????? ?????? ? ?????????,1,Recruitment
?????????????????? ?????????? ????????????????????? ??????? ? ???????? ?????????????,1,Recruitment
?????????????? Like ???????? ????????? ???????????? ?? ????????????? ??? ? ??????????,1,Recruitment
?????????????????????????? ?????????????? Page ?? ?????????? ????? ?? ???????,1,Online_Scam
?????????? ????????????????? ???? ?? ?? ???????????????????? ??????? ??????,1,Recruitment
???? KPay ?????????? ????????? ???????????????? ??????????? ???????????????,1,Online_Scam
?????????????????????? ?????????? SMS ????????? ???????????????????????????,1,Online_Scam
Amazon VIP ????????? ???????????????? ???????? ? ????? ?????????????,1,Recruitment
TikTok Video ??????? Copy ??????? ??????????????? ???? ????? ??? ????,1,Recruitment
????????????? ??? ?? ????? ?????????????? ?????????????????? ????????????,1,Online_Scam
????????????? ??????????????? ?????? ?? ?????????? ??????? ? ????? ???????????,1,Recruitment
KPay Level ???????????????? ???????????? OTP ??????? ????????????????,1,Online_Scam
???????????? ??????????? ???????????????????? ????????? ? ?????? ???????????????????,1,Online_Scam
??????????? ?????????????? ???????????????? ??? ?? ?????????? ????????? ??????,1,Recruitment
Facebook ???????? ????????????????????????????? ?????????????????????? Block ?????????,1,Online_Scam
???????????? ???????????? ??? ????? ?? ??????? ???????? ??????????????,1,Recruitment
KPay ?????????????? ?????????? ????? ????????????? OTP ??????????????,1,Online_Scam
????????? ????????????????????????????????? ???????????????????????? ????????????,1,Recruitment
Amazon ?????? ????????????????? ????????????? ??????????????? ?????????????????,1,Recruitment
????????? ???????????????????? ????????????????????? ???????????? ????????????,1,Recruitment
???????????????????????????????? ?????????????????????? ????? ??? ????? ???????????,1,Recruitment
????????????????????? ????????????? ???????????? ???? ????? ??? ??????,1,Recruitment
???????????????????? ???????????????? ?????????? ???????????????,1,Online_Scam
???????????? ????????????????????? ??????????? ?? ??????????? ?????????????,1,Online_Scam
KPay update ??????? App ?????????????????? ?? website ???????????,1,Online_Scam
??????????????????? ???????????????????? ?????????? ?????????????,1,Health_Fake
????????????????????? ???? ????? ?? ????? Application ????,1,Online_Scam
????????????? ?????????? ????? ??? ??????????????????????? ?????????????????????,1,Online_Scam
KPay ??????? ???????????? ????????????????? ???????????? link ??????????,1,Online_Scam
???????-??????? ?????????????????? ???????????? ???????????????????? ????????????,1,Online_Scam
?????????????? ???????????? ??????????????????? ???? ????? ?? ????,1,Recruitment
???????????? ?????????????????? ??????????????????????????? ???????????????? ????????????????????,1,Online_Scam
???????? ???????????? ????? ??????????????????????? ???????????????? ????????????????? ????????????? ? QR ??? Scan ?????,1,Online_Scam
KPay ?????????????? ???????????????? ????????????????? ??????????? ?????????????? ???????? ????????????????,1,Online_Scam
??????????????????? ?????????? ????????? ??? ???????????? ?????????????????? ???? ?????? ???????????? ???????? ???????,1,Recruitment
AI ???????????? ???????????? ????????????? App? ?????????????????????? ?????? ? ?????? ???????????????,1,Online_Scam
????????????????????? ?????????????????????? Wave Account ??????????? ????????? ???????????????,1,Donation_Scam
Starlink ??????????????????? ????????????????? ??????????? ????????????????? ??% ?????????????? ????????????????,1,Online_Scam
AI ???????????? ??????????? ????????????? Trading Bot? ??????????? ????????? ????? ? ????? ???????,1,Crypto_Scam
Mobile Legends ????? PUBG ??????????????????? ?????????????????????? ???????? ??????????? Login ?????,1,Gaming_Scam
??????????????????? ???????????????????? ???? ?? ??????? ????????? ???????????? ???? ???????????,1,Recruitment
???? KPay ?????????? ?????????????? ??????????? ????????????????? ????????? ??????????? ??????,1,Online_Scam
????????????????? ???????????????? ????????????? ??? ??? ? ?????????? ???????????? ???????????????,1,Recruitment
Facebook ?? ?????????????? ???????????????? ???????????????? ? ?????????? ??????????????? ????????????,1,Online_Scam
KPay ???????? ?????????????????????? ????? ???? ??????????????????? ?????????????????????,1,Online_Scam
???????????? ?????????? ??????????? ?.? ????? ?? ??????????? ?????????????? ????????? ???????????,1,Online_Scam
Mytel ?? ?? ????????? ???????????????? ????????? ? ????? ?????????????? ????????????????,1,Online_Scam
????????????? Amazon ????????????? Review ??????????? ?????? ? ????????????? ?????????????????,1,Recruitment
????????????????? ??????????? ??? ????? ?? ???????????????? ?????????????? ???????????????,1,Online_Scam
???????????? IT ?????????????? ???????????????? ??? ????? ??? ??????? ????????? ???????????,1,Recruitment
TikTok Video ??????? Like ????? Share ??????????????? ?????? ? ??????????? ??????????????,1,Recruitment
KPay update ??????? Play Store ??????? SMS ?? ??????????????? APK ??? ???????????????,1,Online_Scam
??????????????? ??????????????????? ? ????????? ????????????????????????? ???????????????? ?????????,1,Health_Fake
????????????? ??? ????? ?? ?????????????? ??????????? ??????????? ????????????????????,1,Online_Scam
????? ??????????????????? ??????????????????? ??????????????????? ??? ????? ???? ?????????????,1,Recruitment
Wave Money ?? ????? ??? ?????????????? ????????????????? ??????????? ?????????????,1,Online_Scam
????????????? ??????????????? ?????? ?? ?????????? ??????? ? ????? ???????????,1,Recruitment
KPay Level 2 ???????????????? ??????????????? ??????? Password ????????????????,1,Online_Scam
???????????????? ???????????????? ????????????????????????? ????????? ??????????????,1,Health_Fake
Amazon ????? ????????????? ???????????? ???????????????????????? ????????? ??% ????,1,Recruitment
??????? ???????????? ????? ???? ??????????????????????? ????????? ??????????????,1,Online_Scam
???????????? ???????????????????? ???????????????? ??? ????? ?? ??????? ???????????????????,1,Recruitment
Facebook ?????????? ?????????????????? (Blue Mark) ?????????? ??????????? Login ?????,1,Online_Scam
KPay ??????????????????? ?????????????????? ????? ????? ?????????????? ??????????????,1,Online_Scam
Messenger ????????? ??????????????????????????????? ??????????????????????????,1,Online_Scam
???????????? ??????????? ???????????????????? ??????????????? ????????????????? ???????????,1,Online_Scam
????????? ????????????????????????????????? ??% ?????????????? ?????????????????,1,Recruitment
?????????????? ??????????????? ???????????????? ????????? ??????????? ??????,1,Online_Scam
?????????????????????????? ?????? ????? ??? ????? ???????????? ?????????????,1,Online_Scam
?????????? ????????????????? ???? ?? ???????? ????????? ?? ????? ???????????,1,Recruitment
KPay ????????????? ???????????????????? ?????????????? OTP ?????????????,1,Online_Scam
Amazon ?????????????????????? ?????????????????? ??? ????? ?? ????? ??????????????,1,Recruitment
????????????? VIP Group ??????? ?????? ?????????????? ???? ? ????? ?????????,1,Online_Scam
???????????????????????????????? ????????? ????? ??? ???????? ?????????????????,1,Recruitment
??????????????? ??????????????? ????????????????? ??????????? ??????????? ????????,1,Online_Scam
??????? Gmail ??????? Password ??? ????????????????? ?????????? ????????????????,1,Online_Scam
KPay update ??????? SMS ?????????? ???????????? ??????????????????????,1,Online_Scam
????????????? Amazon ????????? ????????????? ?????? ? ?????????,1,Recruitment
?????????????????? ????????????????? iPhone 20 Pro Max ??????? ?????????????,1,Online_Scam
Wave Money ????????????? ???????????????????? ?????????????? ???????????????,1,Online_Scam
Facebook Video ????????????? ???? ????? ??? ????? ????????????????????,1,Recruitment
????????????????? ? ????????? ?? ????????????? ????????? ?????????????,1,Health_Fake
???????????? ???????? ?????????????? ????????? ? ?????? ???????????????,1,Online_Scam
??????????? ??????????????????????? ????????? ???????????????????,1,Recruitment
KPay Level ???????????????? ????????????? ??????????????????? ??????????,1,Online_Scam
????????????? ???????????????????? ???????????? ????? ?? ??? ????,1,Online_Scam
???????????? Data Entry ??????? ????????? ??? ???????????? ??? ????? ??,1,Recruitment
KPay ????????? ????????????? ????????????????? ????????? ?????????????,1,Online_Scam
???????????? ??????????? ???????????????????? ????????????????????????????,1,Online_Scam
????????? ????????????????????????????????? ???????????????????????? ????????????,1,Recruitment
Wave Pay ??????? ??????????????????? ???????????? Password ???????????,1,Online_Scam
?????????????? ???????????? ??????????????????? ???? ?? ?????????,1,Recruitment
??????? Gmail ????????????? ???????????? ???????????????? ????????? ???????,1,Online_Scam
???????? ???????????????? ????????? ?? ?????????????????? ?????????????????,1,Recruitment
KPay ????????????? ??????????????????? ?????????????? OTP ?????????????,1,Online_Scam
Grab Driver ????? ???????????? ???????? ?????? ????? ???????????? ????????????????????,1,Recruitment
????????? ?? ????? ????????????? ????????? Group ?? ???? Share ??,1,Online_Scam
KPay ?? ????????? ????? ????? ??????????????????? ???????????????????? ??????,1,Online_Scam
?????????????????? ???????????? ?????????????? ?????? ?????????? ???????,1,Recruitment
Facebook Page ?????????????????????? ?????????????????????? Block ?????????,1,Online_Scam
?????????????? ?????????????????? ???? ?? ?????????? Data Entry ????????,1,Recruitment
Telegram Channel ??????????? ?????? ? ?????? ??????????? ?????????????,1,Online_Scam
??????????????? ??????????????? ????????????????? ??????????? ????????????????,1,Online_Scam
KPay update ??????? SMS ?????????? ???????????? ????????????????????,1,Online_Scam
????????????? Amazon ????????? ????????????? ?????? ? ?????????,1,Recruitment
?????????????????? ?????????? ????????????????????? ??????? ? ???????? ?????????????,1,Recruitment
?????????????? Like ???????? ????????? ???????????? ?? ????????????? ??? ? ??????????,1,Recruitment
?????????????????????????? ?????????????? Page ?? ?????????? ????? ?? ???????,1,Online_Scam
?????????? ????????????????? ???? ?? ?? ???????????????????? ??????? ??????,1,Recruitment
???? KPay ?????????? ????????? ???????????????? ??????????? ???????????????,1,Online_Scam
?????????????????????? ?????????? SMS ????????? ???????????????????????????,1,Online_Scam
Amazon VIP ????????? ???????????????? ???????? ? ????? ?????????????,1,Recruitment
TikTok Video ??????? Copy ??????? ??????????????? ???? ????? ??? ????,1,Recruitment
????????????? ??? ?? ????? ?????????????? ?????????????????? ????????????,1,Online_Scam
????????????? ??????????????? ?????? ?? ?????????? ??????? ? ???????? ???????????,1,Recruitment
KPay Level ???????????????? ???????????? OTP ??????? ????????????????,1,Online_Scam
???????????? ??????????? ???????????????????? ????????? ? ?????? ???????????????????,1,Online_Scam
??????????? ?????????????? ???????????????? ??? ?? ?????????? ????????? ??????,1,Recruitment
Facebook ???????? ????????????????????????????? ?????????????????????? Block ?????????,1,Online_Scam
???????????? ???????????? ??? ????? ??? ??????? ???????? ??????????????,1,Recruitment
KPay ?????????????? ?????????? ????? ????????????? OTP ??????????????,1,Online_Scam
????????? ????????????????????????????????? ???????????????????????? ????????????,1,Recruitment
Amazon ?????? ????????????????? ????????????? ??????????????? ?????????????????,1,Recruitment
????????? ???????????????????? ????????????????????? ???????????? ????????????,1,Recruitment
???????????????????????????????? ?????????????????????? ????? ??? ????? ???????????,1,Recruitment
????????????????????? ????????????? ???????????? ???? ????? ??? ??????,1,Recruitment
???????????????????? ???????????????? ?????????? ???????????????,1,Online_Scam
???????????? ????????????????????? ??????????? ? ?????????? ?????????????,1,Online_Scam
KPay update ??????? App ?????????????????? ?? website ???????????,1,Online_Scam
??????????????????? ???????????????????? ?????????? ?????????????,1,Health_Fake
????????????????????? ???? ????? ?? ????? Application ????,1,Online_Scam
????????????? ?????????? ????? ??? ??????????????????????? ?????????????????????,1,Online_Scam
KPay ??????? ???????????? ????????????????? ???????????? link ??????????,1,Online_Scam
???????-??????? ?????????????????? ???????????? ???????????????????? ????????????,1,Online_Scam
?????????????? ???????????? ??????????????????? ???? ????? ?? ????,1,Recruitment
???????????? ?????????????????? ??????????????????????????? ???????????????? ????????????????????,1,Online_Scam
??????????? (EV) ??????????????????? ?????????????????????? QR Code ??????????? ?????????? ????????????? ???????????,1,Online_Scam
?????????????? ?????????????????????????????? ??????????????????? ??????????????????? ?????????????????,1,Property_Scam
AI ???????????? ????????????? ????????????????????????? Data Entry ???????? ??? ????? ??? ????????????????,1,Recruitment
??????????? ????????????????????????? ????????? ??? ???????????? ???????????? ???? ?????? ????????? ??????,1,Recruitment
???? KPay ????????? ??? ?? ????? ?????????????? ????????????? ?????????????? ??????????? ????????????????,1,Online_Scam
????????????????? ????????????????????????????? ????????????? ??? ??? ? ??????? ???? ?? ??????,1,Recruitment
Facebook ?? ?????????????? ???????????? ????????????????? ???????????? ????????????????????? ?????????,1,Online_Scam
KPay ?? ????????? ?????????? ?????????? ????? ???? ??????????????????? ?????????????????????,1,Online_Scam
???????????? ?????????? ??????????? ?.? ????? ? ??????????? ?????????????? ????????? ? ?????? ???????????,1,Online_Scam
Mytel ?? ?? ????????? ???????????????? ????????? ? ????? ?????????????? ????????????????,1,Online_Scam
????????????? Amazon ????????????? ?????????????????? ???? ?? ?????????? ????????????????????,1,Recruitment
????????????????? ??????????? ??? ?? ????? ???????????????? ?????????????? ???????????????,1,Online_Scam
???????????? ??????????????????? ???????????????? ??? ????? ??? ??????? ????????? ???????????,1,Recruitment
TikTok Video ??????? Like ??????????? ?????? ? ?????????? ??????????? ? ?????? ???????????,1,Recruitment
KPay update ??????? Play Store ??????? SMS ?? ??????????????? APK ??? ???????????????,1,Online_Scam
????????????????? ???????????????? ? ????????? ????????????????????????? ?????????????????,1,Health_Fake
????????????? ??? ?? ????? ?????????????? ??????????? ??????????? ????????????????????,1,Online_Scam
????? ??????????????????? ??????????????????? ??????????????????? ??? ????? ???? ?????????????,1,Recruitment
Wave Money ?? ????? ??? ?????????????? ????????????????? ??????????? ?????????????,1,Online_Scam
????????????? ??????????????? ?????? ? ?????????? ??????? ? ???????? ???????????,1,Recruitment
KPay Level 2 ???????????????? ??????????????? ??????? Password ????????????????,1,Online_Scam
??????????????? ???????????????? ????????????????????????? ????????? ??????????????,1,Health_Fake
Amazon ????? ????????????? ???????????? ???????????????????????? ????????? ??% ????,1,Recruitment
??????? ???????????? ????? ???? ??????????????????????? ????????? ??????????????,1,Online_Scam
???????????? ???????????????????? ???????????????? ??? ????? ?? ??????? ???????????????????,1,Recruitment
Facebook ?????????? ?????????????????? (Blue Mark) ?????????? ??????????? Login ?????,1,Online_Scam
KPay ??????????????????? ?????????????????? ????? ????? ?????????????? ??????????????,1,Online_Scam
Messenger ????????? ??????????????????????????????? ??????????????????????????,1,Online_Scam
???????????? ??????????? ???????????????????? ??????????????? ????????????????? ???????????,1,Online_Scam
????????? ????????????????????????????????? ??% ?????????????? ?????????????????,1,Recruitment
?????????????? ??????????????? ???????????????? ????????? ??????????? ??????,1,Online_Scam
?????????????????????????? ?????? ????? ??? ????? ???????????? ?????????????,1,Online_Scam
?????????? ????????????????? ???? ?? ???????? ????????? ?? ????? ???????????,1,Recruitment
KPay ????????????? ???????????????????? ?????????????? OTP ?????????????,1,Online_Scam
Amazon ?????????????????????? ?????????????????? ??? ????? ?? ????? ??????????????,1,Recruitment
????????????? VIP Group ??????? ?????? ?????????????? ???? ? ???????? ?????????,1,Online_Scam
???????????????????????????????? ????????? ????? ??? ???????? ?????????????????,1,Recruitment
??????????????? ??????????????? ????????????????? ??????????? ??????????? ????????,1,Online_Scam
??????? Gmail ??????? Password ??? ????????????????? ?????????? ????????????????,1,Online_Scam
KPay update ??????? SMS ?????????? ???????????? ??????????????????????,1,Online_Scam
????????????? Amazon ????????? ????????????? ?????? ? ????????????,1,Recruitment
?????????????????? ????????????????? iPhone 19 Pro Max ??????? ?????????????,1,Online_Scam
Wave Money ????????????? ???????????????????? ?????????????? ???????????????,1,Online_Scam
Facebook Video ????????????? ???? ????? ??? ????? ????????????????????,1,Recruitment
????????????????? ? ????????? ?? ????????????? ????????? ?????????????,1,Health_Fake
???????????? ???????? ?????????????? ????????? ? ?????? ???????????????,1,Online_Scam
??????????? ??????????????????????? ????????? ???????????????????,1,Recruitment
KPay Level ???????????????? ????????????? ??????????????????? ??????????,1,Online_Scam
????????????? ???????????????????? ???????????? ????? ?? ?? ????,1,Online_Scam
???????????? Data Entry ??????? ????????? ??? ???????????? ??? ????? ??,1,Recruitment
KPay ????????? ????????????? ????????????????? ????????? ?????????????,1,Online_Scam
???????????? ??????????? ???????????????????? ????????????????????????????,1,Online_Scam
????????? ????????????????????????????????? ???????????????????????? ????????????,1,Recruitment
Wave Pay ??????? ??????????????????? ???????????? Password ???????????,1,Online_Scam
?????????????? ???????????? ??????????????????? ???? ?? ?????????,1,Recruitment
??????? Gmail ????????????? ???????????? ???????????????? ????????? ???????,1,Online_Scam
???????? ???????????????? ????????? ?? ?????????????????? ?????????????????,1,Recruitment
KPay ????????????? ??????????????????? ?????????????? OTP ?????????????,1,Online_Scam
Grab Driver ????? ???????????? ???????? ?????? ????? ???????????? ????????????????????,1,Recruitment
????????? ?? ????? ????????????? ????????? Group ?? ???? Share ??,1,Online_Scam
KPay ?? ????????? ????? ????? ??????????????????? ???????????????????? ??????,1,Online_Scam
?????????????????? ???????????? ?????????????? ?????? ?????????? ???????,1,Recruitment
Facebook Page ?????????????????????? ?????????????????????? Block ?????????,1,Online_Scam
?????????????? ?????????????????? ???? ?? ?????????? Data Entry ????????,1,Recruitment
Telegram Channel ??????????? ?????? ? ?????? ??????????? ?????????????,1,Online_Scam
??????????????? ??????????????? ????????????????? ??????????? ????????????????,1,Online_Scam
KPay update ??????? SMS ?????????? ???????????? ????????????????????,1,Online_Scam
????????????? Amazon ????????? ????????????? ?????? ? ????????????,1,Recruitment
?????????????????? ?????????? ????????????????????? ??????? ? ???????? ?????????????,1,Recruitment
?????????????? Like ???????? ????????? ???????????? ? ????????????? ??? ? ??????????,1,Recruitment
?????????????????????????? ?????????????? Page ?? ?????????? ????? ?? ???????,1,Online_Scam
?????????? ????????????????? ???? ?? ?? ???????????????????? ??????? ??????,1,Recruitment
???? KPay ?????????? ????????? ???????????????? ??????????? ???????????????,1,Online_Scam
?????????????????????? ?????????? SMS ????????? ???????????????????????????,1,Online_Scam
Amazon VIP ????????? ???????????????? ???????? ? ????? ?????????????,1,Recruitment
TikTok Video ??????? Copy ??????? ??????????????? ???? ????? ??? ????,1,Recruitment
????????????? ??? ?? ????? ?????????????? ?????????????????? ????????????,1,Online_Scam
????????????? ??????????????? ?????? ?? ?????????? ??????? ? ???????? ???????????,1,Recruitment
KPay Level ???????????????? ???????????? OTP ??????? ????????????????,1,Online_Scam
???????????? ??????????? ???????????????????? ????????? ? ?????? ???????????????????,1,Online_Scam
??????????? ?????????????? ???????????????? ??? ?? ?????????? ????????? ??????,1,Recruitment
Facebook ???????? ????????????????????????????? ?????????????????????? Block ?????????,1,Online_Scam
???????????? ???????????? ??? ????? ?? ??????? ???????? ??????????????,1,Recruitment
KPay ?????????????? ?????????? ????? ????????????? OTP ??????????????,1,Online_Scam
????????? ????????????????????????????????? ???????????????????????? ????????????,1,Recruitment
Amazon ?????? ????????????????? ????????????? ??????????????? ?????????????????,1,Recruitment
????????? ???????????????????? ????????????????????? ???????????? ????????????,1,Recruitment
???????????????????????????????? ?????????????????????? ????? ??? ????? ???????????,1,Recruitment
????????????????????? ????????????? ???????????? ???? ????? ??? ??????,1,Recruitment
???????????????????? ???????????????? ?????????? ???????????????,1,Online_Scam
???????????? ????????????????????? ??????????? ?? ??????????? ?????????????,1,Online_Scam
KPay update ??????? App ?????????????????? ?? website ???????????,1,Online_Scam
??????????????????? ???????????????????? ?????????? ?????????????,1,Health_Fake
????????????????????? ???? ????? ?? ????? Application ????,1,Online_Scam
????????????? ?????????? ????? ??? ??????????????????????? ?????????????????????,1,Online_Scam
KPay ??????? ???????????? ????????????????? ???????????? link ??????????,1,Online_Scam
???????-??????? ?????????????????? ???????????? ???????????????????? ????????????,1,Online_Scam
?????????????? ???????????? ??????????????????? ???? ????? ?? ????,1,Recruitment
???????????? ?????????????????? ??????????????????????????? ???????????????? ????????????????????,1,Online_Scam
???????? ??????????????????? ?????????????????????? ????????????????? ??????????? ????????????,1,Politics_Fake
???????????? ?????????????????? ?????????? ???? ????????????????? ????????????? ???????????????,1,Politics_Fake
??????????????? ?????????????? ???? ???????? ??????????????????????????????? ??????????????????,1,Economy_Fake
???????????????????????? ???????????????????????????? ???????????????? ??????????? ??????????????,1,Economy_Fake
?????????????? ?????? ?? ???????? ?????????????????????? ?????????????????? ??????????????????????,1,Online_Scam
???????? (UN) ?? ????????????????? ????????????????? ????? ?? ???????????? ????????????? ???????,1,Charity_Scam
????????? ?????????????????????? ??????????????????? ????????????????? ???????????????? ????????????,1,Economy_Fake
????????????????? (Passport) ??? ?????????? ? ????????? ?????????????? ????????? ? ????????????,1,Recruitment
???? KPay ?????????? ?????????????????????????????? ????????????? ????????? Password ?????????,1,Online_Scam
????????????????? ?????????????????? ?????????? ??? ???????????? ??? ????? ??? ????????? ??????,1,Recruitment
Facebook ?????????? ?????????????????? (Blue Mark) ?????????? ??????????? ???????????????????????,1,Online_Scam
KPay ?? ?????????? ???????????????? ????? ???? ??????????????????? ???????????????????????????,1,Online_Scam
???????????? ??????????? ?????????????? ??????????? ?.? ????? ? ??????????? ?????????????,1,Online_Scam
Mytel ?? ?? ????????? ???????????????? ????????? ? ????? ?????????????? ????????????????,1,Online_Scam
????????????? Amazon ????????????? Review ??????????? ???? ?? ?????????? ?????????????????,1,Recruitment
????????????????? ??????????? ??? ?? ????? ???????????????? ?????????????? ???????????????,1,Online_Scam
???????????? ??????????????????? ???????????????? ??? ????? ??? ??????? ????????? ???????????,1,Recruitment
TikTok Video ??????? Like ??????????? ?????? ? ??????????? ??????????? ? ?????? ???????????,1,Recruitment
KPay update ??????? Play Store ??????? SMS ?? ??????????????? APK ??? ???????????????,1,Online_Scam
?????????????? ? ????????? ????????????????????????? ??????????????????? ?????????????,1,Health_Fake
????????????? ??? ?? ????? ?????????????? ??????????? ??????????? ????????????????????,1,Online_Scam
????? ??????????????????? ??????????????????? ??????????????????? ??? ????? ???? ??????????,1,Recruitment
Wave Money ?? ????? ??? ?????????????? ????????????????? ??????????? ?????????????,1,Online_Scam
????????????? ??????????????? ?????? ?? ?????????? ??????? ? ????? ???????????,1,Recruitment
KPay Level 2 ???????????????? ??????????????? ??????? Password ????????????????,1,Online_Scam
????????????? ???????????????? ????????????????????????? ????????? ??????????????,1,Health_Fake
Amazon ????? ????????????? ???????????? ???????????????????????? ????????? ??% ????,1,Recruitment
??????? ???????????? ????? ???? ??????????????????????? ????????? ??????????????,1,Online_Scam
???????????? ???????????????????? ???????????????? ??? ????? ?? ??????? ???????????????????,1,Recruitment
Facebook ?????????? ?????????????????? (Blue Mark) ?????????? ??????????? Login ?????,1,Online_Scam
KPay ??????????????????? ?????????????????? ????? ????? ?????????????? ??????????????,1,Online_Scam
Messenger ????????? ??????????????????????????????? ??????????????????????????,1,Online_Scam
???????????? ??????????? ???????????????????? ??????????????? ????????????????? ???????????,1,Online_Scam
????????? ????????????????????????????????? ??% ?????????????? ?????????????????,1,Recruitment
?????????????? ??????????????? ???????????????? ????????? ??????????? ??????,1,Online_Scam
?????????????????????????? ?????? ????? ??? ????? ???????????? ?????????????,1,Online_Scam
?????????? ????????????????? ???? ?? ???????? ????????? ?? ????? ???????????,1,Recruitment
KPay ????????????? ???????????????????? ?????????????? OTP ?????????????,1,Online_Scam
Amazon ?????????????????????? ?????????????????? ??? ????? ?? ????? ??????????????,1,Recruitment
????????????? VIP Group ??????? ?????? ?????????????? ???? ? ????? ?????????,1,Online_Scam
???????????????????????????????? ????????? ????? ??? ???????? ?????????????????,1,Recruitment
??????????????? ??????????????? ????????????????? ??????????? ??????????? ????????,1,Online_Scam
??????? Gmail ??????? Password ??? ????????????????? ?????????? ????????????????,1,Online_Scam
KPay update ??????? SMS ?????????? ???????????? ??????????????????????,1,Online_Scam
????????????? Amazon ????????? ????????????? ?????? ? ?????????,1,Recruitment
?????????????????? ????????????????? iPhone 20 Pro Max ??????? ?????????????,1,Online_Scam
Wave Money ????????????? ???????????????????? ?????????????? ???????????????,1,Online_Scam
Facebook Video ????????????? ???? ????? ??? ????? ????????????????????,1,Recruitment
????????????????? ? ????????? ?? ????????????? ????????? ?????????????,1,Health_Fake
???????????? ???????? ?????????????? ????????? ? ?????? ???????????????,1,Online_Scam
??????????? ??????????????????????? ????????? ???????????????????,1,Recruitment
KPay Level ???????????????? ????????????? ??????????????????? ??????????,1,Online_Scam
????????????? ???????????????????? ???????????? ????? ?? ??? ????,1,Online_Scam
???????????? Data Entry ??????? ????????? ??? ???????????? ??? ????? ??,1,Recruitment
KPay ????????? ????????????? ????????????????? ????????? ?????????????,1,Online_Scam
???????????? ??????????? ???????????????????? ????????????????????????????,1,Online_Scam
????????? ????????????????????????????????? ???????????????????????? ????????????,1,Recruitment
Wave Pay ??????? ??????????????????? ???????????? Password ???????????,1,Online_Scam
?????????????? ???????????? ??????????????????? ???? ?? ?????????,1,Recruitment
??????? Gmail ????????????? ???????????? ???????????????? ????????? ???????,1,Online_Scam
???????? ???????????????? ????????? ?? ?????????????????? ?????????????????,1,Recruitment
KPay ????????????? ??????????????????? ?????????????? OTP ?????????????,1,Online_Scam
Grab Driver ????? ???????????? ???????? ?????? ????? ???????????? ????????????????????,1,Recruitment
????????? ?? ????? ????????????? ????????? Group ?? ???? Share ??,1,Online_Scam
KPay ?? ????????? ????? ????? ??????????????????? ???????????????????? ??????,1,Online_Scam
?????????????????? ???????????? ?????????????? ?????? ?????????? ???????,1,Recruitment
Facebook Page ?????????????????????? ?????????????????????? Block ?????????,1,Online_Scam
?????????????? ?????????????????? ???? ?? ?????????? Data Entry ????????,1,Recruitment
Telegram Channel ??????????? ?????? ? ?????? ??????????? ?????????????,1,Online_Scam
??????????????? ??????????????? ????????????????? ??????????? ????????????????,1,Online_Scam
KPay update ??????? SMS ?????????? ???????????? ????????????????????,1,Online_Scam
????????????? Amazon ????????? ????????????? ?????? ? ?????????,1,Recruitment
?????????????????? ?????????? ????????????????????? ??????? ? ????? ?????????????,1,Recruitment
?????????????? Like ???????? ????????? ???????????? ?? ????????????? ??? ? ??????????,1,Recruitment
?????????????????????????? ?????????????? Page ?? ?????????? ????? ?? ???????,1,Online_Scam
?????????? ????????????????? ???? ?? ?? ???????????????????? ??????? ??????,1,Recruitment
???? KPay ?????????? ????????? ???????????????? ??????????? ???????????????,1,Online_Scam
?????????????????????? ?????????? SMS ????????? ???????????????????????????,1,Online_Scam
Amazon VIP ????????? ???????????????? ???????? ? ????? ?????????????,1,Recruitment
TikTok Video ??????? Copy ??????? ??????????????? ???? ????? ??? ????,1,Recruitment
????????????? ??? ?? ????? ?????????????? ?????????????????? ????????????,1,Online_Scam
????????????? ??????????????? ???? ?? ?????????? ??????? ? ????? ???????????,1,Recruitment
KPay Level ???????????????? ???????????? OTP ??????? ????????????????,1,Online_Scam
???????????? ??????????? ???????????????????? ????????? ? ?????? ???????????????????,1,Online_Scam
??????????? ?????????????? ???????????????? ??? ?? ?????????? ????????? ??????,1,Recruitment
Facebook ???????? ????????????????????????????? ?????????????????????? Block ?????????,1,Online_Scam
???????????? ???????????? ??? ????? ?? ??????? ???????? ??????????????,1,Recruitment
KPay ?????????????? ?????????? ????? ????????????? OTP ??????????????,1,Online_Scam
????????? ????????????????????????????????? ???????????????????????? ????????????,1,Recruitment
Amazon ?????? ????????????????? ????????????? ??????????????? ?????????????????,1,Recruitment
????????? ???????????????????? ????????????????????? ???????????? ????????????,1,Recruitment
???????????????????????????????? ?????????????????????? ????? ??? ????? ???????????,1,Recruitment
????????????????????? ????????????? ???????????? ???? ????? ??? ??????,1,Recruitment
???????????????????? ???????????????? ?????????? ???????????????,1,Online_Scam
???????????? ????????????????????? ??????????? ? ?????????? ?????????????,1,Online_Scam
KPay update ??????? App ?????????????????? ?? website ???????????,1,Online_Scam
??????????????????? ???????????????????? ?????????? ?????????????,1,Health_Fake
????????????????????? ???? ????? ?? ????? Application ????,1,Online_Scam
????????????? ?????????? ????? ??? ??????????????????????? ?????????????????????,1,Online_Scam
KPay ??????? ???????????? ????????????????? ???????????? link ??????????,1,Online_Scam
???????-??????? ?????????????????? ???????????? ???????????????????? ????????????,1,Online_Scam
?????????????? ???????????? ??????????????????? ???? ????? ?? ????,1,Recruitment
???????????? ?????????????????? ??????????????????????????? ???????????????? ????????????????????,1,Online_Scam
?????????????????????????????? ?????????????????????? ???????? (Full Scholarship) ????????????? ????????????? ???????,1,Education_Scam
????????????????? ????????????????? ???????????????? ??? ????? ?? ??????? ???????????? ???????????????,1,Recruitment
???? KPay ?????????? ?????????????? ??????????? ????????????????? ????????? ??????????? Password ?????????,1,Online_Scam
????????????? Google Map ???? ??????????? Review ??????????? ??????? ? ??????????? ????????,1,Recruitment
Wave Pay ?????????????????????????? ????????????? Telegram Bot ????????? ? ??????????? ???????????,1,Online_Scam
????????????????? ???????????????????? ????????????? ??? ??? ? ??????? ???????? ??????????????,1,Recruitment
???? Facebook ?????????? ?????????????? ?????????? ????????????????? ????????? ????????????,1,Online_Scam
KPay ???????? ????? ???? ??????????????????? ???????????????????? ??????????? ?????????????,1,Online_Scam
???????????? ??????????? ?????????????? ??????????? 0% ????? ??????????????????????,1,Online_Scam
Mytel ?? ? ????????? ???????????????? ????????? ? ????? ?????????????? ????????????????,1,Online_Scam
???????????? ??????????????????? ???? ?? ?????????? ?????????????????? ??????????????,1,Recruitment
????????????????? ??????????? ??? ?? ????? ???????????????? ?????????????? ???????????????,1,Online_Scam
???????????? IT ?????????????? ???????????????? ??? ????? ?? ??????? ????????? ???????????,1,Recruitment
TikTok Video ??????? Like ????? Share ??????????????? ?????? ? ??????????? ??????????????,1,Recruitment
KPay update ??????? Play Store ??????? SMS ?? ??????????????? APK ??? ???????????????,1,Online_Scam
????????????????????? ????????????? ? ????????? ???????????????? ?????????????????,1,Health_Fake
????????????? ??? ? ????? ?????????????? ??????????? ??????????? ????????????????????,1,Online_Scam
????? ??????????????????? ??????????????????? ??????????????????? ??? ????? ??,1,Recruitment
Wave Money ?? ?? ????? ?????????????? ????????????????? ??????????? ?????????????,1,Online_Scam
????????????? ??????????????? ?????? ? ?????????? ??????? ? ?????? ???????????,1,Recruitment
KPay Level 2 ???????????????? ??????????????? ??????? Password ????????????????,1,Online_Scam
?????????????????????????? ???????????????? ????????????????????????? ????????????????,1,Health_Fake
Amazon ????? ????????????? ???????????? ???????????????????????? ????????? ??% ????,1,Recruitment
??????? ???????????? ????? ??? ??????????????????????? ????????? ??????????????,1,Online_Scam
???????????? ???????????????????? ???????????????? ??? ?? ???????????? ???????????????????,1,Recruitment
Facebook ?????????? ?????????????????? (Blue Mark) ?????????? ??????????? Login ?????,1,Online_Scam
KPay ??????????????????? ?????????????????? ????? ???? ?????????????? ??????????????,1,Online_Scam
Messenger ????????? ??????????????????????????????? ??????????????????????????,1,Online_Scam
???????????? ??????????? ???????????????????? ??????????????? ????????????????? ???????????,1,Online_Scam
????????? ????????????????????????????????? ??% ?????????????? ?????????????????,1,Recruitment
?????????????? ??????????????? ???????????????? ????????? ??????????? ??????,1,Online_Scam
?????????????????????????? ?????? ????? ??? ????? ???????????? ?????????????,1,Online_Scam
?????????? ????????????????? ???? ?? ???????? ????????? ? ????? ???????????,1,Recruitment
KPay ????????????? ???????????????????? ?????????????? OTP ?????????????,1,Online_Scam
Amazon ?????????????????????? ?????????????????? ??? ?? ?????????? ??????????????,1,Recruitment
????????????? VIP Group ??????? ?????? ?????????????? ???? ? ??????????????,1,Online_Scam
???????????????????????????????? ????????? ????? ?? ???????? ?????????????????,1,Recruitment
??????????????? ??????????????? ????????????????? ??????????? ??????????? ????????,1,Online_Scam
??????? Gmail ??????? Password ??? ????????????????? ?????????? ????????????????,1,Online_Scam
KPay update ??????? SMS ?????????? ???????????? ??????????????????????,1,Online_Scam
????????????? Amazon ????????? ????????????? ?????? ? ????????????,1,Recruitment
?????????????????? ????????????????? iPhone 15 Pro Max ??????? ?????????????,1,Online_Scam
Wave Money ????????????? ???????????????????? ?????????????? ???????????????,1,Online_Scam
Facebook Video ????????????? ???? ????? ?? ????? ????????????????????,1,Recruitment
????????????????? ? ????????? ?? ????????????? ????????? ?????????????,1,Health_Fake
???????????? ???????? ?????????????? ????????? ? ????? ???????????????,1,Online_Scam
??????????? ??????????????????????? ????????? ???????????????????,1,Recruitment
KPay Level ???????????????? ????????????? ??????????????????? ??????????,1,Online_Scam
????????????? ???????????????????? ???????????? ????? ?? ? ????,1,Online_Scam
???????????? Data Entry ??????? ????????? ??? ???????????? ??? ?? ?????,1,Recruitment
KPay ????????? ????????????? ????????????????? ????????? ?????????????,1,Online_Scam
???????????? ??????????? ???????????????????? ????????????????????????????,1,Online_Scam
????????? ????????????????????????????????? ???????????????????????? ????????????,1,Recruitment
Wave Pay ??????? ??????????????????? ???????????? Password ???????????,1,Online_Scam
?????????????? ???????????? ??????????????????? ???? ?? ?????????,1,Recruitment
??????? Gmail ????????????? ???????????? ???????????????? ????????? ???????,1,Online_Scam
???????? ???????????????? ????????? ? ?????????????????? ?????????????????,1,Recruitment
KPay ????????????? ??????????????????? ?????????????? OTP ?????????????,1,Online_Scam
Grab Driver ????? ???????????? ???????? ?????? ????? ???????????? ????????????????????,1,Recruitment
????????? ? ????? ????????????? ????????? Group ?? ???? Share ??,1,Online_Scam
KPay ?? ????????? ????? ???? ??????????????????? ???????????????????? ??????,1,Online_Scam
?????????????????? ???????????? ?????????????? ?????? ?????????? ???????,1,Recruitment
Facebook Page ?????????????????????? ?????????????????????? Block ?????????,1,Online_Scam
?????????????? ?????????????????? ???? ? ?????????? Data Entry ????????,1,Recruitment
Telegram Channel ??????????? ?????? ? ?????? ??????????? ?????????????,1,Online_Scam
??????????????? ??????????????? ????????????????? ??????????? ????????????????,1,Online_Scam
KPay update ??????? SMS ?????????? ???????????? ????????????????????,1,Online_Scam
????????????? Amazon ????????? ????????????? ?????? ? ????????????,1,Recruitment
?????????????????? ?????????? ????????????????????? ??????? ? ????? ?????????????,1,Recruitment
?????????????? Like ???????? ????????? ???????????? ? ????????????? ??? ????? ??,1,Recruitment
?????????????????????????? ?????????????? Page ?? ?????????? ????? ? ???????,1,Online_Scam
?????????? ????????????????? ???? ?? ?? ???????????????????? ??????? ??????,1,Recruitment
???? KPay ?????????? ????????? ???????????????? ??????????? ???????????????,1,Online_Scam
?????????????????????? ?????????? SMS ????????? ???????????????????????????,1,Online_Scam
Amazon VIP ????????? ???????????????? ???????? ? ????? ?????????????,1,Recruitment
TikTok Video ??????? Copy ??????? ??????????????? ???? ????? ?? ????,1,Recruitment
????????????? ??? ? ????? ?????????????? ?????????????????? ????????????,1,Online_Scam
????????????? ??????????????? ?????? ? ?????????? ??????? ? ?????? ???????????,1,Recruitment
KPay Level ???????????????? ???????????? OTP ??????? ????????????????,1,Online_Scam
???????????? ??????????? ???????????????????? ????????? ? ?????? ???????????????????,1,Online_Scam
??????????? ?????????????? ???????????????? ??? ?? ?????????? ????????? ??????,1,Recruitment
Facebook ???????? ????????????????????????????? ?????????????????????? Block ?????????,1,Online_Scam
???????????? ???????????? ??? ????? ?? ??????? ???????? ??????????????,1,Recruitment
KPay ?????????????? ?????????? ????? ????????????? OTP ??????????????,1,Online_Scam
????????? ????????????????????????????????? ???????????????????????? ????????????,1,Recruitment
Amazon ?????? ????????????????? ????????????? ??????????????? ?????????????????,1,Recruitment
????????? ???????????????????? ????????????????????? ???????????? ????????????,1,Recruitment
???????????????????????????????? ?????????????????????? ????? ??? ????? ???????????,1,Recruitment
????????????????????? ????????????? ???????????? ???? ????? ?? ??????,1,Recruitment
???????????????????? ???????????????? ?????????? ???????????????,1,Online_Scam
???????????? ????????????????????? ??????????? ?? ??????????? ?????????????,1,Online_Scam
KPay update ??????? App ?????????????????? ?? website ???????????,1,Online_Scam
??????????????????? ???????????????????? ?????????? ?????????????,1,Health_Fake
????????????????????? ???? ? ?????????? Application ????,1,Online_Scam
????????????? ?????????? ????? ?? ??????????????????????? ?????????????????????,1,Online_Scam
KPay ??????? ???????????? ????????????????? ???????????? link ??????????,1,Online_Scam
???????-??????? ?????????????????? ???????????? ???????????????????? ????????????,1,Online_Scam
?????????????? ???????????? ??????????????????? ???? ?? ?????????,1,Recruitment
AI ??????????????? ??????????????? ??????????????????? ???????????????? App? ????????????????????? ? ??????????,1,Online_Scam
??????????? ????????????????????????? ?????????? ? ??????????? ??????????????????? ??????????? ????????????,1,Politics_Fake
????????????? ?????????????????????????? ??????????? ???????????????????????? ????????????????,1,Economy_Fake
???? KPay ????????????????? ????????????? ??????????????????????? ?????????? ? OTP ??????? ?????,1,Online_Scam
??????????? ?????????????????? ??????????????????? ??? ????? ???? ???????????? ???????????????,1,Recruitment
Wave Pay Account ??? Level 3 ???? ????????????????????? ??????????????????? ??????????????????? ?????????,1,Online_Scam
????????????????? ???????????????????? ????????????? ??? ??? ? ??????? ???? ?? ???????,1,Recruitment
???? Facebook ??????????? ????????????? ?????????????????????????? ??????????? ??????????????????,1,Online_Scam
KPay ???????? ?? ????????? ?????????? ????? ???? ??????????????????? ?????????????????????,1,Online_Scam
???????????? ??????????? ?????????????? ??????????? ?.? ????? ? ??????????? ?????????????,1,Online_Scam
Mytel ?? ?? ????????? ???????????????? ????????? ?? ????? ?????????????? ????????????????,1,Online_Scam
????????????? Amazon ????????????? Review ??????????? ???? ?? ?????????? ?????????????????,1,Recruitment
????????????????? ??????????? ??? ????? ??? ???????????????? ?????????????? ???????????????,1,Online_Scam
???????????? ??????????????????? ???????????????? ??? ????? ??? ??????? ????????? ???????????,1,Recruitment
TikTok Video ??????? Like ????? Share ??????????????? ?????? ? ?????????? ??????????????,1,Recruitment
KPay update ??????? Play Store ??????? SMS ?? ??????????????? APK ??? ???????????????,1,Online_Scam
????????????????? ? ????????? ????????????????????????? ??????????????????? ?????????,1,Health_Fake
????????????? ??? ????? ?? ?????????????? ??????????? ??????????? ????????????????????,1,Online_Scam
????? ??????????????????? ??????????????????? ??????????????????? ??? ????? ???,1,Recruitment
Wave Money ?? ????? ??? ?????????????? ????????????????? ??????????? ?????????????,1,Online_Scam
????????????? ??????????????? ?????? ?? ?????????? ??????? ? ????? ???????????,1,Recruitment
KPay Level 2 ???????????????? ??????????????? ??????? Password ????????????????,1,Online_Scam
????????????? ???????????????? ????????????????????????? ????????? ??????????????,1,Health_Fake
Amazon ????? ????????????? ???????????? ???????????????????????? ????????? ??% ????,1,Recruitment
??????? ???????????? ????? ???? ??????????????????????? ????????? ??????????????,1,Online_Scam
???????????? ???????????????????? ???????????????? ??? ????? ?? ??????? ???????????????????,1,Recruitment
Facebook ?????????? ?????????????????? (Blue Mark) ?????????? ??????????? Login ?????,1,Online_Scam
KPay ??????????????????? ?????????????????? ????? ???? ?????????????? ??????????????,1,Online_Scam
Messenger ????????? ??????????????????????????????? ??????????????????????????,1,Online_Scam
???????????? ??????????? ???????????????????? ??????????????? ????????????????? ???????????,1,Online_Scam
????????? ????????????????????????????????? ???% ????? ??????????????????? ????????????,1,Recruitment
?????????????? ??????????????? ???????????????? ????????? ??????????? ??????,1,Online_Scam
?????????????????????????? ?????? ????? ???? ????? ???????????? ?????????????,1,Online_Scam
?????????? ????????????????? ???? ?? ???????? ????????? ?? ????? ???????????,1,Recruitment
KPay ????????????? ???????????????????? ?????????????? OTP ?????????????,1,Online_Scam
Amazon ?????????????????????? ?????????????????? ??? ????? ??? ????? ??????????????,1,Recruitment
????????????? VIP Group ??????? ?????? ?????????????? ???? ? ????? ?????????,1,Online_Scam
???????????????????????????????? ????????? ????? ??? ???????? ?????????????????,1,Recruitment
??????????????? ??????????????? ????????????????? ??????????? ??????????? ????????,1,Online_Scam
??????? Gmail ??????? Password ??? ????????????????? ?????????? ????????????????,1,Online_Scam
KPay update ??????? SMS ?????????? ???????????? ??????????????????????,1,Online_Scam
????????????? Amazon ????????? ????????????? ?????? ? ?????????,1,Recruitment
?????????????????? ????????????????? iPhone 20 Pro Max ??????? ?????????????,1,Online_Scam
Wave Money ????????????? ???????????????????? ?????????????? ???????????????,1,Online_Scam
Facebook Video ????????????? ???? ????? ??? ????? ????????????????????,1,Recruitment
????????????????? ? ????????? ?? ????????????? ????????? ?????????????,1,Health_Fake
???????????? ???????? ?????????????? ????????? ? ????? ???????????????,1,Online_Scam
??????????? ??????????????????????? ????????? ???????????????????,1,Recruitment
KPay Level ???????????????? ????????????? ??????????????????? ??????????,1,Online_Scam
????????????? ???????????????????? ???????????? ????? ?? ??? ????,1,Online_Scam
???????????? Data Entry ??????? ????????? ??? ???????????? ??? ????? ???,1,Recruitment
KPay ????????? ????????????? ????????????????? ????????? ?????????????,1,Online_Scam
???????????? ??????????? ???????????????????? ????????????????????????????,1,Online_Scam
????????? ????????????????????????????????? ???????????????????????? ????????????,1,Recruitment
Wave Pay ??????? ??????????????????? ???????????? Password ???????????,1,Online_Scam
?????????????? ???????????? ??????????????????? ???? ?? ?????????,1,Recruitment
??????? Gmail ????????????? ???????????? ???????????????? ????????? ???????,1,Online_Scam
???????? ???????????????? ????????? ?? ?????????????????? ?????????????????,1,Recruitment
KPay ????????????? ??????????????????? ?????????????? OTP ?????????????,1,Online_Scam
Grab Driver ????? ???????????? ???????? ?????? ????? ???????????? ????????????????????,1,Recruitment
????????? ?? ????? ????????????? ????????? Group ?? ???? Share ??,1,Online_Scam
KPay ?? ????????? ????? ????? ??????????????????? ???????????????????? ??????,1,Online_Scam
?????????????????? ???????????? ?????????????? ?????? ?????????? ???????,1,Recruitment
Facebook Page ?????????????????????? ?????????????????????? Block ?????????,1,Online_Scam
?????????????? ?????????????????? ???? ?? ?????????? Data Entry ????????,1,Recruitment
Telegram Channel ??????????? ?????? ? ????? ??????????? ?????????????,1,Online_Scam
??????????????? ??????????????? ????????????????? ??????????? ????????????????,1,Online_Scam
KPay update ??????? SMS ?????????? ???????????? ????????????????????,1,Online_Scam
????????????? Amazon ????????? ????????????? ?????? ?? ?????????,1,Recruitment
?????????????????? ?????????? ????????????????????? ??????? ? ????? ?????????????,1,Recruitment
?????????????? Like ???????? ????????? ???????????? ?? ????????????? ??? ?? ??????????,1,Recruitment
?????????????????????????? ?????????????? Page ?? ?????????? ????? ??? ???????,1,Online_Scam
?????????? ????????????????? ???? ?? ?? ???????????????????? ??????? ??????,1,Recruitment
???? KPay ?????????? ????????? ???????????????? ??????????? ???????????????,1,Online_Scam
?????????????????????? ?????????? SMS ????????? ???????????????????????????,1,Online_Scam
Amazon VIP ????????? ???????????????? ???????? ?? ????? ?????????????,1,Recruitment
TikTok Video ??????? Copy ??????? ??????????????? ???? ????? ??? ????,1,Recruitment
????????????? ??? ?? ????? ?????????????? ?????????????????? ????????????,1,Online_Scam
????????????? ??????????????? ?????? ?? ?????????? ??????? ? ????? ???????????,1,Recruitment
KPay Level ???????????????? ???????????? OTP ??????? ????????????????,1,Online_Scam
???????????? ??????????? ???????????????????? ????????? ? ????? ???????????????????,1,Online_Scam
??????????? ?????????????? ???????????????? ??? ?? ?????????? ????????? ??????,1,Recruitment
Facebook ???????? ????????????????????????????? ?????????????????????? Block ?????????,1,Online_Scam
???????????? ???????????? ??? ????? ??? ??????? ???????? ??????????????,1,Recruitment
KPay ?????????????? ?????????? ????? ????????????? OTP ??????????????,1,Online_Scam
????????? ????????????????????????????????? ???????????????????????? ????????????,1,Recruitment
Amazon ?????? ????????????????? ????????????? ??????????????? ?????????????????,1,Recruitment
????????? ???????????????????? ????????????????????? ???????????? ????????????,1,Recruitment
???????????????????????????????? ?????????????????????? ????? ??? ????? ???????????,1,Recruitment
????????????????????? ????????????? ???????????? ???? ????? ??? ??????,1,Recruitment
???????????????????? ???????????????? ?????????? ???????????????,1,Online_Scam
???????????? ????????????????????? ??????????? ? ?????????? ?????????????,1,Online_Scam
KPay update ??????? App ?????????????????? ?? website ???????????,1,Online_Scam
??????????????????? ???????????????????? ?????????? ?????????????,1,Health_Fake
????????????????????? ???? ????? ??? ????? Application ????,1,Online_Scam
????????????? ?????????? ????? ??? ??????????????????????? ?????????????????????,1,Online_Scam
KPay ??????? ???????????? ????????????????? ???????????? link ??????????,1,Online_Scam
???????-??????? ?????????????????? ???????????? ???????????????????? ????????????,1,Online_Scam
?????????????? ???????????? ??????????????????? ???? ????? ??? ????,1,Recruitment
KPay ??????????????????? ?????????????????? ? APK ??? ????????????????? ??????????????????,1,Online_Scam
???????? ????????????????????? ??????????????? ??????????? ????????????? ???????????? ?????????????,1,Politics_Fake
????????????? ?????? ??????????????? ?????? ?????????????????? ??????? ? ????? ???????????,1,Economy_Fake
???? Wave Pay ????????????????? ????????????? ????? ??? ??????????????? ?????????? OTP ?????,1,Online_Scam
????????????? ?????????????????????? ????????? ??? ???????????? ??? ????? ???? ????????? ??????,1,Recruitment
KPay Level 2 ?? Level 3 ???? ???????????? ??????????????????? ??????????????????? ??????????? ???????,1,Online_Scam
????????????????? ????????????????????????????? ????????????? ??? ??? ? ??????? ???? ?? ??????,1,Recruitment
???? Facebook ??????????? ????????????? ?????????????????? ????????? ??????????? ?????????,1,Online_Scam
KPay ???????? ?? ????????? ?????????? ????? ???? ??????????????????? ?????????????????????,1,Online_Scam
???????????? ??????????? ?????????????? ??????????? ?.?? ????? ? ??????????? ?????????????,1,Online_Scam
Mytel ?? ?? ????????? ???????????????? ????????? ?? ????? ?????????????? ????????????????,1,Online_Scam
????????????? Amazon ????????????? Review ??????????? ???? ????? ?? ????? ?????????????????,1,Recruitment
????????????????? ??????????? ??? ????? ??? ???????????????? ?????????????? ???????????????,1,Online_Scam
???????????? IT ?????????????? ???????????????? ??? ????? ??? ??????? ????????? ???????????,1,Recruitment
TikTok Video ??????? Like ????? Share ??????????????? ?????? ? ????????????? ??????????????,1,Recruitment
KPay update ??????? Play Store ??????? SMS ?? ??????????????? APK ??? ???????????????,1,Online_Scam
????????????? ? ????????? ????????????????????????? ????????????????? ?????????,1,Health_Fake
????????????? ??? ????? ?? ?????????????? ??????????? ??????????? ????????????????????,1,Online_Scam
????? ??????????????????? ??????????????????? ??????????????????? ??? ????? ???,1,Recruitment
Wave Money ?? ????? ??? ?????????????? ????????????????? ??????????? ?????????????,1,Online_Scam
????????????? ??????????????? ?????? ?? ?????????? ??????? ? ????? ???????????,1,Recruitment
KPay Level 2 ???????????????? ??????????????? ??????? Password ????????????????,1,Online_Scam
?????????????? ???????????????? ????????????????????????? ????????? ??????????????,1,Health_Fake
Amazon ????? ????????????? ???????????? ???????????????????????? ????????? ??% ????,1,Recruitment
??????? ???????????? ????? ???? ??????????????????????? ????????? ??????????????,1,Online_Scam
???????????? ???????????????????? ???????????????? ??? ????? ?? ??????? ???????????????????,1,Recruitment
Facebook ?????????? ?????????????????? (Blue Mark) ?????????? ??????????? Login ?????,1,Online_Scam
KPay ??????????????????? ?????????????????? ????? ????? ?????????????? ??????????????,1,Online_Scam
Messenger ????????? ??????????????????????????????? ??????????????????????????,1,Online_Scam
???????????? ??????????? ???????????????????? ??????????????? ????????????????? ???????????,1,Online_Scam
????????? ????????????????????????????????? ???% ????? ??????????????????? ????????????,1,Recruitment
?????????????? ??????????????? ???????????????? ????????? ??????????? ??????,1,Online_Scam
?????????????????????????? ?????? ????? ???? ????? ???????????? ?????????????,1,Online_Scam
?????????? ????????????????? ???? ?? ???????? ????????? ?? ????? ???????????,1,Recruitment
KPay ????????????? ???????????????????? ?????????????? OTP ?????????????,1,Online_Scam
Amazon ?????????????????????? ?????????????????? ??? ????? ??? ????? ??????????????,1,Recruitment
????????????? VIP Group ??????? ?????? ?????????????? ???? ? ????? ?????????,1,Online_Scam
???????????????????????????????? ????????? ????? ??? ???????? ?????????????????,1,Recruitment
??????????????? ??????????????? ????????????????? ??????????? ??????????? ????????,1,Online_Scam
??????? Gmail ??????? Password ??? ????????????????? ?????????? ????????????????,1,Online_Scam
KPay update ??????? SMS ?????????? ???????????? ??????????????????????,1,Online_Scam
????????????? Amazon ????????? ????????????? ?????? ? ?????????,1,Recruitment
?????????????????? ????????????????? iPhone 21 Pro Max ??????? ?????????????,1,Online_Scam
Wave Money ????????????? ???????????????????? ?????????????? ???????????????,1,Online_Scam
Facebook Video ????????????? ???? ????? ??? ????? ????????????????????,1,Recruitment
????????????????? ? ????????? ?? ????????????? ????????? ?????????????,1,Health_Fake
???????????? ???????? ?????????????? ????????? ? ???????? ???????????????,1,Online_Scam
??????????? ??????????????????????? ????????? ???????????????????,1,Recruitment
KPay Level ???????????????? ????????????? ??????????????????? ??????????,1,Online_Scam
????????????? ???????????????????? ???????????? ????? ?? ??? ????,1,Online_Scam
???????????? Data Entry ??????? ????????? ??? ???????????? ??? ????? ???,1,Recruitment
KPay ????????? ????????????? ????????????????? ????????? ?????????????,1,Online_Scam
???????????? ??????????? ???????????????????? ????????????????????????????,1,Online_Scam
????????? ????????????????????????????????? ???????????????????????? ????????????,1,Recruitment
Wave Pay ??????? ??????????????????? ???????????? Password ???????????,1,Online_Scam
?????????????? ???????????? ??????????????????? ???? ?? ?????????,1,Recruitment
??????? Gmail ????????????? ???????????? ???????????????? ????????? ???????,1,Online_Scam
???????? ???????????????? ????????? ?? ?????????????????? ?????????????????,1,Recruitment
KPay ????????????? ??????????????????? ?????????????? OTP ?????????????,1,Online_Scam
Grab Driver ????? ???????????? ???????? ?????? ????? ???????????? ????????????????????,1,Recruitment
????????? ?? ????? ????????????? ????????? Group ?? ???? Share ??,1,Online_Scam
KPay ?? ????????? ????? ????? ??????????????????? ???????????????????? ??????,1,Online_Scam
?????????????????? ???????????? ?????????????? ?????? ?????????? ???????,1,Recruitment
Facebook Page ?????????????????????? ?????????????????????? Block ?????????,1,Online_Scam
?????????????? ?????????????????? ???? ?? ?????????? Data Entry ????????,1,Recruitment
Telegram Channel ??????????? ?????? ? ???????? ??????????? ?????????????,1,Online_Scam
??????????????? ??????????????? ????????????????? ??????????? ????????????????,1,Online_Scam
KPay update ??????? SMS ?????????? ???????????? ????????????????????,1,Online_Scam
????????????? Amazon ????????? ????????????? ?????? ?? ?????????,1,Recruitment
?????????????????? ?????????? ????????????????????? ??????? ? ????? ?????????????,1,Recruitment
?????????????? Like ???????? ????????? ???????????? ?? ????????????? ??? ?? ??????????,1,Recruitment
?????????????????????????? ?????????????? Page ?? ?????????? ????? ??? ???????,1,Online_Scam
?????????? ????????????????? ???? ?? ?? ???????????????????? ??????? ??????,1,Recruitment
???? KPay ?????????? ????????? ???????????????? ??????????? ???????????????,1,Online_Scam
?????????????????????? ?????????? SMS ????????? ???????????????????????????,1,Online_Scam
Amazon VIP ????????? ???????????????? ???????? ?? ????? ?????????????,1,Recruitment
TikTok Video ??????? Copy ??????? ??????????????? ???? ????? ??? ????,1,Recruitment
????????????? ??? ?? ????? ?????????????? ?????????????????? ????????????,1,Online_Scam
????????????? ??????????????? ???? ????? ??? ????? ??????? ? ????? ???????????,1,Recruitment
KPay Level ???????????????? ???????????? OTP ??????? ????????????????,1,Online_Scam
???????????? ??????????? ???????????????????? ????????? ? ????? ???????????????????,1,Online_Scam
??????????? ?????????????? ???????????????? ??? ????? ?? ????? ????????? ??????,1,Recruitment
Facebook ???????? ????????????????????????????? ?????????????????????? Block ?????????,1,Online_Scam
???????????? ???????????? ??? ????? ??? ??????? ???????? ??????????????,1,Recruitment
KPay ?????????????? ?????????? ????? ????????????? OTP ??????????????,1,Online_Scam
????????? ????????????????????????????????? ???????????????????????? ????????????,1,Recruitment
Amazon ?????? ????????????????? ????????????? ??????????????? ?????????????????,1,Recruitment
????????? ???????????????????? ????????????????????? ???????????? ????????????,1,Recruitment
???????????????????????????????? ?????????????????????? ????? ??? ????? ???????????,1,Recruitment
????????????????????? ????????????? ???????????? ???? ????? ??? ??????,1,Recruitment
???????????????????? ???????????????? ?????????? ???????????????,1,Online_Scam
???????????? ????????????????????? ??????????? ? ?????????? ?????????????,1,Online_Scam
KPay update ??????? App ?????????????????? ?? website ???????????,1,Online_Scam
??????????????????? ???????????????????? ?????????? ?????????????,1,Health_Fake
????????????????????? ???? ????? ??? ????? Application ????,1,Online_Scam
????????????? ?????????? ????? ??? ??????????????????????? ?????????????????????,1,Online_Scam
KPay ??????? ???????????? ????????????????? ???????????? link ??????????,1,Online_Scam
???????-??????? ?????????????????? ???????????? ???????????????????? ????????????,1,Online_Scam
?????????????? ???????????? ??????????????????? ???? ????? ??? ????,1,Recruitment
???????? ????????????????? ???????????????? ?????????????????? ????????????? ? QR Code ??? Scan ?????,1,Online_Scam
?????????? ???????????????? ????????????????? ?????????????? ??????????? ?????????????????? ?????????,1,Online_Scam
AI ???????????? ???????????? ????????????? VIP Group? ??????????? ????????? ? ?????? ???????,1,Crypto_Scam
????????????????? ?????????????????? ???? ?? ??????? ????????? ???????????? ???? ???????????,1,Recruitment
???? KPay ?????????? ?????????????? ??????????? ????????????????? ????????? ??????????? ??????,1,Online_Scam
????????????????? ???????????????? ????????????? ??? ??? ? ?????????? ???????????? ???????????????,1,Recruitment
Facebook ?? ?????????????? ???????????????? ???????????????? ? ?????????? ??????????????? ????????????,1,Online_Scam
KPay ???????? ???????????????????? ????? ???? ??????????????????? ?????????????????????,1,Online_Scam
???????????? ?????????? ??????????? ?.? ????? ?? ??????????? ?????????????? ????????? ???????????,1,Online_Scam
Mytel ?? ? ????????? ???????????????? ????????? ? ????? ?????????????? ????????????????,1,Online_Scam
????????????? Amazon ????????????? Review ??????????? ?????? ? ??????????? ?????????????????,1,Recruitment
????????????????? ??????????? ??? ????? ?? ???????????????? ?????????????? ???????????????,1,Online_Scam
???????????? IT ?????????????? ???????????????? ??? ????? ??? ??????? ????????? ???????????,1,Recruitment
TikTok Video ??????? Like ????? Share ??????????????? ?????? ? ??????????? ??????????????,1,Recruitment
KPay update ??????? Play Store ??????? SMS ?? ??????????????? APK ??? ???????????????,1,Online_Scam
??????????????????? ? ????????? ????????????????????????? ????????????????? ?????????,1,Health_Fake
????????????? ??? ????? ?? ?????????????? ??????????? ??????????? ????????????????????,1,Online_Scam
????? ??????????????????? ??????????????????? ??????????????????? ??? ????? ???? ?????????????,1,Recruitment
Wave Money ?? ????? ??? ?????????????? ????????????????? ??????????? ?????????????,1,Online_Scam
????????????? ??????????????? ?????? ?? ?????????? ??????? ? ???????? ???????????,1,Recruitment
KPay Level 2 ???????????????? ??????????????? ??????? Password ????????????????,1,Online_Scam
????????????????? ???????????????? ????????????????????????? ????????? ??????????????,1,Health_Fake
Amazon ????? ????????????? ???????????? ???????????????????????? ????????? ??% ????,1,Recruitment
??????? ???????????? ????? ???? ??????????????????????? ????????? ??????????????,1,Online_Scam
???????????? ???????????????????? ???????????????? ??? ????? ?? ??????? ???????????????????,1,Recruitment
Facebook ?????????? ?????????????????? (Blue Mark) ?????????? ??????????? Login ?????,1,Online_Scam
KPay ??????????????????? ?????????????????? ????? ????? ?????????????? ??????????????,1,Online_Scam
Messenger ????????? ??????????????????????????????? ??????????????????????????,1,Online_Scam
???????????? ??????????? ???????????????????? ??????????????? ????????????????? ???????????,1,Online_Scam
????????? ????????????????????????????????? ??% ?????????????? ?????????????????,1,Recruitment
?????????????? ??????????????? ???????????????? ????????? ??????????? ??????,1,Online_Scam
?????????????????????????? ?????? ????? ??? ????? ???????????? ?????????????,1,Online_Scam
?????????? ????????????????? ???? ?? ???????? ????????? ?? ????? ???????????,1,Recruitment
KPay ????????????? ???????????????????? ?????????????? OTP ?????????????,1,Online_Scam
Amazon ?????????????????????? ?????????????????? ??? ????? ?? ????? ??????????????,1,Recruitment
????????????? VIP Group ??????? ?????? ?????????????? ???? ? ???????? ?????????,1,Online_Scam
???????????????????????????????? ????????? ????? ??? ???????? ?????????????????,1,Recruitment
??????????????? ??????????????? ????????????????? ??????????? ??????????? ????????,1,Online_Scam
??????? Gmail ??????? Password ??? ????????????????? ?????????? ????????????????,1,Online_Scam
KPay update ??????? SMS ?????????? ???????????? ??????????????????????,1,Online_Scam
????????????? Amazon ????????? ????????????? ?????? ? ????????????,1,Recruitment
?????????????????? ????????????????? iPhone 21 Pro Max ??????? ?????????????,1,Online_Scam
Wave Money ????????????? ???????????????????? ?????????????? ???????????????,1,Online_Scam
Facebook Video ????????????? ???? ????? ??? ????? ????????????????????,1,Recruitment
????????????????? ? ????????? ?? ????????????? ????????? ?????????????,1,Health_Fake
???????????? ???????? ?????????????? ????????? ? ?????? ???????????????,1,Online_Scam
??????????? ??????????????????????? ????????? ???????????????????,1,Recruitment
KPay Level ???????????????? ????????????? ??????????????????? ??????????,1,Online_Scam
????????????? ???????????????????? ???????????? ????? ?? ??? ????,1,Online_Scam
???????????? Data Entry ??????? ????????? ??? ???????????? ??? ????? ??,1,Recruitment
KPay ????????? ????????????? ????????????????? ????????? ?????????????,1,Online_Scam
???????????? ??????????? ???????????????????? ????????????????????????????,1,Online_Scam
????????? ????????????????????????????????? ???????????????????????? ????????????,1,Recruitment
Wave Pay ??????? ??????????????????? ???????????? Password ???????????,1,Online_Scam
?????????????? ???????????? ??????????????????? ???? ?? ?????????,1,Recruitment
??????? Gmail ????????????? ???????????? ???????????????? ????????? ???????,1,Online_Scam
???????? ???????????????? ????????? ?? ?????????????????? ?????????????????,1,Recruitment
KPay ????????????? ??????????????????? ?????????????? OTP ?????????????,1,Online_Scam
Grab Driver ????? ???????????? ???????? ?????? ????? ???????????? ????????????????????,1,Recruitment
????????? ?? ????? ????????????? ????????? Group ?? ???? Share ??,1,Online_Scam
KPay ?? ????????? ????? ????? ??????????????????? ???????????????????? ??????,1,Online_Scam
?????????????????? ???????????? ?????????????? ?????? ?????????? ???????,1,Recruitment
Facebook Page ?????????????????????? ?????????????????????? Block ?????????,1,Online_Scam
?????????????? ?????????????????? ???? ?? ?????????? Data Entry ????????,1,Recruitment
Telegram Channel ??????????? ?????? ? ?????? ??????????? ?????????????,1,Online_Scam
??????????????? ??????????????? ????????????????? ??????????? ????????????????,1,Online_Scam
KPay update ??????? SMS ?????????? ???????????? ????????????????????,1,Online_Scam
????????????? Amazon ????????? ????????????? ?????? ? ?????????,1,Recruitment
?????????????????? ?????????? ????????????????????? ??????? ? ???????? ?????????????,1,Recruitment
?????????????? Like ???????? ????????? ???????????? ?? ????????????? ??? ?? ??????????,1,Recruitment
?????????????????????????? ?????????????? Page ?? ?????????? ????? ?? ???????,1,Online_Scam
?????????? ????????????????? ???? ?? ?? ???????????????????? ??????? ??????,1,Recruitment
???? KPay ?????????? ????????? ???????????????? ??????????? ???????????????,1,Online_Scam
?????????????????????? ?????????? SMS ????????? ???????????????????????????,1,Online_Scam
Amazon VIP ????????? ???????????????? ???????? ? ????? ?????????????,1,Recruitment
TikTok Video ??????? Copy ??????? ??????????????? ???? ????? ??? ????,1,Recruitment
????????????? ??? ?? ????? ?????????????? ?????????????????? ????????????,1,Online_Scam
????????????? ??????????????? ?????? ?? ?????????? ??????? ? ????? ???????????,1,Recruitment
KPay Level ???????????????? ???????????? OTP ??????? ????????????????,1,Online_Scam
???????????? ??????????? ???????????????????? ????????? ? ?????? ???????????????????,1,Online_Scam
??????????? ?????????????? ???????????????? ??? ?? ?????????? ????????? ??????,1,Recruitment
Facebook ???????? ????????????????????????????? ?????????????????????? Block ?????????,1,Online_Scam
???????????? ???????????? ??? ????? ??? ??????? ???????? ??????????????,1,Recruitment
KPay ?????????????? ?????????? ????? ????????????? OTP ??????????????,1,Online_Scam
????????? ????????????????????????????????? ???????????????????????? ????????????,1,Recruitment
Amazon ?????? ????????????????? ????????????? ??????????????? ?????????????????,1,Recruitment
????????? ???????????????????? ????????????????????? ???????????? ????????????,1,Recruitment
???????????????????????????????? ?????????????????????? ????? ??? ????? ???????????,1,Recruitment
????????????????????? ????????????? ???????????? ???? ????? ??? ??????,1,Recruitment
???????????????????? ???????????????? ?????????? ???????????????,1,Online_Scam
???????????? ????????????????????? ??????????? ? ????????????? ?????????????,1,Online_Scam
KPay update ??????? App ?????????????????? ?? website ???????????,1,Online_Scam
??????????????????? ???????????????????? ?????????? ?????????????,1,Health_Fake
????????????????????? ???? ????? ?? ????? Application ????,1,Online_Scam
????????????? ?????????? ????? ??? ??????????????????????? ?????????????????????,1,Online_Scam
KPay ??????? ???????????? ????????????????? ???????????? link ??????????,1,Online_Scam
???????-??????? ?????????????????? ???????????? ???????????????????? ????????????,1,Online_Scam
?????????????? ???????????? ??????????????????? ???? ????? ?? ????,1,Recruitment
???????????? ?????????????????? ??????????????????????????? ???????????????? ????????????????????,1,Online_Scam
????????? - ??????-???????????????? ???????????????????????????????????? ??????? ??? ???????????? ??? ????? ??,1,Recruitment
KPay ?????????????? ?????????? ?????????????? ???????????? ????????????????????? ??????????? ??????????????????,1,Online_Scam
??????????? ????????????????????????? ??????????????? ????? ??? ????????????? ??????????? ??????????????????,1,Economy_Fake
???? Wave Pay ????????????? ??????????? ??? ? ????? ????????????????????? ????????????????? ??????????????,1,Online_Scam
???????????????? ???????????????????? ???? ?? ??? ????????? ?????????? ???????????????? ????????? ??????,1,Recruitment
KPay Level 3 ????????? ?????????????????? ??????????????????? ??????????????????? ????????????? Telegram ???? ?????????,1,Online_Scam
????????????????? ????????????????? ???? ?? ??? ???????????????????? ??????? ??????????????? ???????????,1,Recruitment
???? Facebook ??????????? ????????????? Login ???????????????????? ? ?????????? ?????????? ???????????,1,Online_Scam
KPay ???????? ?? ????????? ???????????? ????? ???? ??????????????????? ??????????????? ????????????,1,Online_Scam
???????????? ?????????? ??????????? ?.? ????? ? ??????????? ?????????????? ????????? ? ?????? ???????????,1,Online_Scam
Mytel ?? ?? ????????? ???????????????? ????????? ? ????? ?????????????? ????????????????,1,Online_Scam
????????????? Amazon ????????????? Review ??????????? ?????? ? ?????????? ????????????????????,1,Recruitment
????????????????? ??????????? ??? ????? ?? ???????????????? ?????????????? ???????????????,1,Online_Scam
???????????? IT ?????????????? ???????????????? ??? ????? ??? ??????? ????????? ???????????,1,Recruitment
TikTok Video ??????? Like ????? Share ??????????????? ?????? ? ??????????? ??????????????,1,Recruitment
KPay update ??????? Play Store ??????? SMS ?? ??????????????? APK ??? ???????????????,1,Online_Scam
??????????????????? ? ????????? ????????????????????????? ????????????????? ?????????,1,Health_Fake
????????????? ??? ????? ?? ?????????????? ??????????? ??????????? ????????????????????,1,Online_Scam
????? ??????????????????? ??????????????????? ??????????????????? ??? ????? ???? ?????????????,1,Recruitment
Wave Money ?? ????? ??? ?????????????? ????????????????? ??????????? ?????????????,1,Online_Scam
????????????? ??????????????? ?????? ?? ?????????? ??????? ? ????? ???????????,1,Recruitment
KPay Level 2 ???????????????? ??????????????? ??????? Password ????????????????,1,Online_Scam
?????????????? ???????????????? ????????????????????????? ????????? ??????????????,1,Health_Fake
Amazon ????? ????????????? ???????????? ???????????????????????? ????????? ??% ????,1,Recruitment
??????? ???????????? ????? ???? ??????????????????????? ????????? ??????????????,1,Online_Scam
???????????? ???????????????????? ???????????????? ??? ????? ?? ??????? ???????????????????,1,Recruitment
Facebook ?????????? ?????????????????? (Blue Mark) ?????????? ??????????? Login ?????,1,Online_Scam
KPay ??????????????????? ?????????????????? ????? ????? ?????????????? ??????????????,1,Online_Scam
Messenger ????????? ??????????????????????????????? ??????????????????????????,1,Online_Scam
???????????? ??????????? ???????????????????? ??????????????? ????????????????? ???????????,1,Online_Scam
????????? ????????????????????????????????? ??% ?????????????? ?????????????????,1,Recruitment
?????????????? ??????????????? ???????????????? ????????? ??????????? ??????,1,Online_Scam
?????????????????????????? ?????? ????? ??? ????? ???????????? ?????????????,1,Online_Scam
?????????? ????????????????? ???? ?? ???????? ????????? ?? ????? ???????????,1,Recruitment
KPay ????????????? ???????????????????? ?????????????? OTP ?????????????,1,Online_Scam
Amazon ?????????????????????? ?????????????????? ??? ????? ?? ????? ??????????????,1,Recruitment
????????????? VIP Group ??????? ?????? ?????????????? ???? ? ????? ?????????,1,Online_Scam
???????????????????????????????? ????????? ????? ??? ???????? ?????????????????,1,Recruitment
??????????????? ??????????????? ????????????????? ??????????? ??????????? ????????,1,Online_Scam
??????? Gmail ??????? Password ??? ????????????????? ?????????? ????????????????,1,Online_Scam
KPay update ??????? SMS ?????????? ???????????? ??????????????????????,1,Online_Scam
????????????? Amazon ????????? ????????????? ?????? ? ?????????,1,Recruitment
?????????????????? ????????????????? iPhone 21 Pro Max ??????? ?????????????,1,Online_Scam
Wave Money ????????????? ???????????????????? ?????????????? ???????????????,1,Online_Scam
Facebook Video ????????????? ???? ????? ??? ????? ????????????????????,1,Recruitment
????????????????? ? ????????? ?? ????????????? ????????? ?????????????,1,Health_Fake
???????????? ???????? ?????????????? ????????? ? ?????? ???????????????,1,Online_Scam
??????????? ??????????????????????? ????????? ???????????????????,1,Recruitment
KPay Level ???????????????? ????????????? ??????????????????? ??????????,1,Online_Scam
????????????? ???????????????????? ???????????? ????? ?? ??? ????,1,Online_Scam
???????????? Data Entry ??????? ????????? ??? ???????????? ??? ????? ???,1,Recruitment
KPay ????????? ????????????? ????????????????? ????????? ?????????????,1,Online_Scam
???????????? ??????????? ???????????????????? ????????????????????????????,1,Online_Scam
????????? ????????????????????????????????? ???????????????????????? ????????????,1,Recruitment
Wave Pay ??????? ??????????????????? ???????????? Password ???????????,1,Online_Scam
?????????????? ???????????? ??????????????????? ???? ?? ?????????,1,Recruitment
??????? Gmail ????????????? ???????????? ???????????????? ????????? ???????,1,Online_Scam
???????? ???????????????? ????????? ?? ?????????????????? ?????????????????,1,Recruitment
KPay ????????????? ??????????????????? ?????????????? OTP ?????????????,1,Online_Scam
Grab Driver ????? ???????????? ???????? ?????? ????? ???????????? ????????????????????,1,Recruitment
????????? ?? ????? ????????????? ????????? Group ?? ???? Share ??,1,Online_Scam
KPay ?? ????????? ????? ????? ??????????????????? ???????????????????? ??????,1,Online_Scam
?????????????????? ???????????? ?????????????? ?????? ?????????? ???????,1,Recruitment
Facebook Page ?????????????????????? ?????????????????????? Block ?????????,1,Online_Scam
?????????????? ?????????????????? ???? ?? ?????????? Data Entry ????????,1,Recruitment
Telegram Channel ??????????? ?????? ? ????? ??????????? ?????????????,1,Online_Scam
??????????????? ??????????????? ????????????????? ??????????? ????????????????,1,Online_Scam
KPay update ??????? SMS ?????????? ???????????? ????????????????????,1,Online_Scam
????????????? Amazon ????????? ????????????? ?????? ? ?????????,1,Recruitment
?????????????????? ?????????? ????????????????????? ??????? ? ????? ?????????????,1,Recruitment
?????????????? Like ???????? ????????? ???????????? ?? ????????????? ??? ?? ??????????,1,Recruitment
?????????????????????????? ?????????????? Page ?? ?????????? ????? ?? ???????,1,Online_Scam
?????????? ????????????????? ???? ?? ?? ???????????????????? ??????? ??????,1,Recruitment
???? KPay ?????????? ????????? ???????????????? ??????????? ???????????????,1,Online_Scam
?????????????????????? ?????????? SMS ????????? ???????????????????????????,1,Online_Scam
Amazon VIP ????????? ???????????????? ???????? ? ????? ?????????????,1,Recruitment
TikTok Video ??????? Copy ??????? ??????????????? ???? ????? ??? ????,1,Recruitment
????????????? ??? ?? ????? ?????????????? ?????????????????? ????????????,1,Online_Scam
????????????? ??????????????? ?????? ?? ?????????? ??????? ? ????? ???????????,1,Recruitment
KPay Level ???????????????? ???????????? OTP ??????? ????????????????,1,Online_Scam
???????????? ??????????? ???????????????????? ????????? ? ?????? ???????????????????,1,Online_Scam
??????????? ?????????????? ???????????????? ??? ?? ?????????? ????????? ??????,1,Recruitment
Facebook ???????? ????????????????????????????? ?????????????????????? Block ?????????,1,Online_Scam
???????????? ???????????? ??? ????? ??? ??????? ???????? ??????????????,1,Recruitment
KPay ?????????????? ?????????? ????? ????????????? OTP ??????????????,1,Online_Scam
????????? ????????????????????????????????? ???????????????????????? ????????????,1,Recruitment
Amazon ?????? ????????????????? ????????????? ??????????????? ?????????????????,1,Recruitment
????????? ???????????????????? ????????????????????? ???????????? ????????????,1,Recruitment
???????????????????????????????? ?????????????????????? ????? ??? ????? ???????????,1,Recruitment
????????????????????? ????????????? ???????????? ???? ????? ??? ??????,1,Recruitment
???????????????????? ???????????????? ?????????? ???????????????,1,Online_Scam
???????????? ????????????????????? ??????????? ? ????????????? ?????????????,1,Online_Scam
KPay update ??????? App ?????????????????? ?? website ???????????,1,Online_Scam
??????????????????? ???????????????????? ?????????? ?????????????,1,Health_Fake
????????????????????? ???? ????? ?? ????? Application ????,1,Online_Scam
????????????? ?????????? ????? ??? ??????????????????????? ?????????????????????,1,Online_Scam
KPay ??????? ???????????? ????????????????? ???????????? link ??????????,1,Online_Scam
???????-??????? ?????????????????? ???????????? ???????????????????? ????????????,1,Online_Scam
?????????????? ???????????? ??????????????????? ???? ????? ?? ????,1,Recruitment
???????????? ?????????????????? ??????????????????????????? ???????????????? ????????????????????,1,Online_Scam
Mobile Legends ???????????????? ?????????????????? ? ?????????????????? Diamond ? ?????? ??????????????? ??????????? ???????,1,Gaming_Scam
????????? ??????????????????????????? ???????? ?????????? ? ????? ???????????? ????????????? ?????????????????????,1,Religious_Scam
??????????? ???????????? ???? ?? ?? ?? ??? ????????????????? ???????????? ??? ????? ??? ????????? ??????,1,Recruitment
???? Facebook ?????????? ??????????? Report ??????????? ? ?????????? ?????????? ????????? ????????????,1,Online_Scam
?????????????????????????? ?????????????? ??????????????? ????? ??? ??????? ??????????????? ??????? ???????????,1,Property_Scam
???????????????? ?????????????? ???????????? Full Scholarship ?????????? ????????? ? ????? ???????????,1,Education_Scam
KPay update ?????????????? ??????????? ??????? ????????????????????? ????????? ? APK ??? ?????????????,1,Online_Scam
???????????? ?????????? ????????? ??? ???????????? ?????????????????? ???? ?????? ???????????? ???????? ???????,1,Recruitment
????????????????? ??????????? ??? ????? ?? ???????????????? ?????????????? ???????????????,1,Online_Scam
???????????? IT ?????????????? ???????????????? ??? ????? ??? ??????? ????????? ???????????,1,Recruitment
PUBG Mobile ????? Skin ??????????????? ????? ?????? ????????? ID ????? Password ??? ??????????? ???????,1,Gaming_Scam
????????????? ? ????????? ????????????????????????? ???????????????? ?????????????,1,Health_Fake
????????????? ??? ????? ?? ?????????????? ??????????? ??????????? ????????????????????,1,Online_Scam
????? ??????????????????? ??????????????????? ??????????????????? ??? ????? ???? ?????????????,1,Recruitment
Wave Money ?? ????? ??? ?????????????? ????????????????? ??????????? ?????????????,1,Online_Scam
????????????? ??????????????? ?????? ?? ?????????? ??????? ? ????? ???????????,1,Recruitment
KPay Level 2 ???????????????? ??????????????? ??????? Password ????????????????,1,Online_Scam
?????????????? ???????????????? ????????????????????????? ????????? ??????????????,1,Health_Fake
Amazon ????? ????????????? ???????????? ???????????????????????? ????????? ??% ????,1,Recruitment
??????? ???????????? ????? ???? ??????????????????????? ????????? ??????????????,1,Online_Scam
???????????? ???????????????????? ???????????????? ??? ????? ?? ??????? ???????????????????,1,Recruitment
Facebook ?????????? ?????????????????? (Blue Mark) ?????????? ??????????? Login ?????,1,Online_Scam
KPay ??????????????????? ?????????????????? ????? ????? ?????????????? ??????????????,1,Online_Scam
Messenger ????????? ??????????????????????????????? ??????????????????????????,1,Online_Scam
???????????? ??????????? ???????????????????? ??????????????? ????????????????? ???????????,1,Online_Scam
????????? ????????????????????????????????? ??% ?????????????? ?????????????????,1,Recruitment
?????????????? ??????????????? ???????????????? ????????? ??????????? ??????,1,Online_Scam
?????????????????????????? ?????? ????? ??? ????? ???????? ?????????????,1,Online_Scam
?????????? ????????????????? ???? ?? ???????? ????????? ?? ????? ???????????,1,Recruitment
KPay ????????????? ???????????????????? ?????????????? OTP ?????????????,1,Online_Scam
Amazon ?????????????????????? ?????????????????? ??? ????? ?? ????? ??????????????,1,Recruitment
????????????? VIP Group ??????? ?????? ?????????????? ???? ? ????? ?????????,1,Online_Scam
???????????????????????????????? ????????? ????? ??? ???????? ?????????????????,1,Recruitment
??????????????? ??????????????? ????????????????? ??????????? ??????????? ????????,1,Online_Scam
??????? Gmail ??????? Password ??? ????????????????? ?????????? ????????????????,1,Online_Scam
KPay update ??????? SMS ?????????? ???????????? ??????????????????????,1,Online_Scam
????????????? Amazon ????????? ????????????? ?????? ? ?????????,1,Recruitment
?????????????????? ????????????????? iPhone 21 Pro Max ??????? ?????????????,1,Online_Scam
Wave Money ????????????? ???????????????????? ?????????????? ???????????????,1,Online_Scam
Facebook Video ????????????? ???? ????? ??? ????? ????????????????????,1,Recruitment
????????????????? ? ????????? ?? ????????????? ????????? ?????????????,1,Health_Fake
???????????? ???????? ?????????????? ????????? ? ?????? ???????????????,1,Online_Scam
??????????? ??????????????????????? ????????? ???????????????????,1,Recruitment
KPay Level ???????????????? ????????????? ??????????????????? ??????????,1,Online_Scam
????????????? ???????????????????? ???????????? ????? ?? ??? ????,1,Online_Scam
???????????? Data Entry ??????? ????????? ??? ???????????? ??? ????? ???,1,Recruitment
KPay ????????? ????????????? ????????????????? ????????? ?????????????,1,Online_Scam
???????????? ??????????? ???????????????????? ????????????????????????????,1,Online_Scam
????????? ????????????????????????????????? ???????????????????????? ????????????,1,Recruitment
Wave Pay ??????? ??????????????????? ???????????? Password ???????????,1,Online_Scam
?????????????? ???????????? ??????????????????? ???? ?? ?????????,1,Recruitment
??????? Gmail ????????????? ???????????? ???????????????? ????????? ???????,1,Online_Scam
???????? ???????????????? ????????? ?? ?????????????????? ?????????????????,1,Recruitment
KPay ????????????? ??????????????????? ?????????????? OTP ?????????????,1,Online_Scam
Grab Driver ????? ???????????? ???????? ?????? ????? ???????????? ????????????????????,1,Recruitment
????????? ?? ????? ????????????? ????????? Group ?? ???? Share ??,1,Online_Scam
KPay ?? ????????? ????? ????? ??????????????????? ???????????????????? ??????,1,Online_Scam
?????????????????? ???????????? ?????????????? ?????? ?????????? ???????,1,Recruitment
Facebook Page ?????????????????????? ?????????????????????? Block ?????????,1,Online_Scam
?????????????? ?????????????????? ???? ?? ?????????? Data Entry ????????,1,Recruitment
Telegram Channel ??????????? ?????? ? ????? ??????????? ?????????????,1,Online_Scam
??????????????? ??????????????? ????????????????? ??????????? ????????????????,1,Online_Scam
KPay update ??????? SMS ?????????? ???????????? ????????????????????,1,Online_Scam
????????????? Amazon ????????? ????????????? ?????? ? ?????????,1,Recruitment
?????????????????? ?????????? ????????????????????? ??????? ? ????? ?????????????,1,Recruitment
?????????????? Like ???????? ????????? ???????????? ?? ????????????? ??? ?? ??????????,1,Recruitment
?????????????????????????? ?????????????? Page ?? ?????????? ????? ?? ???????,1,Online_Scam
?????????? ????????????????? ???? ?? ?? ???????????????????? ??????? ??????,1,Recruitment
???? KPay ?????????? ????????? ???????????????? ??????????? ???????????????,1,Online_Scam
?????????????????????? ?????????? SMS ????????? ???????????????????????????,1,Online_Scam
Amazon VIP ????????? ???????????????? ???????? ? ????? ?????????????,1,Recruitment
TikTok Video ??????? Copy ??????? ??????????????? ???? ????? ??? ????,1,Recruitment
????????????? ??? ?? ????? ?????????????? ?????????????????? ????????????,1,Online_Scam
????????????? ??????????????? ?????? ?? ?????????? ??????? ? ????? ???????????,1,Recruitment
KPay Level ???????????????? ???????????? OTP ??????? ????????????????,1,Online_Scam
???????????? ??????????? ???????????????????? ????????? ? ?????? ???????????????????,1,Online_Scam
??????????? ?????????????? ???????????????? ??? ?? ?????????? ????????? ??????,1,Recruitment
Facebook ???????? ????????????????????????????? ?????????????????????? Block ?????????,1,Online_Scam
???????????? ???????????? ??? ????? ??? ??????? ???????? ??????????????,1,Recruitment
KPay ?????????????? ?????????? ????? ????????????? OTP ??????????????,1,Online_Scam
????????? ????????????????????????????????? ???????????????????????? ????????????,1,Recruitment
Amazon ?????? ????????????????? ????????????? ??????????????? ?????????????????,1,Recruitment
????????? ???????????????????? ????????????????????? ???????????? ????????????,1,Recruitment
???????????????????????????????? ?????????????????????? ????? ??? ????? ???????????,1,Recruitment
????????????????????? ????????????? ???????????? ???? ????? ??? ??????,1,Recruitment
???????????????????? ???????????????? ?????????? ???????????????,1,Online_Scam
???????????? ????????????????????? ??????????? ? ????????????? ?????????????,1,Online_Scam
KPay update ??????? App ?????????????????? ?? website ???????????,1,Online_Scam
??????????????????? ???????????????????? ?????????? ?????????????,1,Health_Fake
????????????????????? ???? ????? ?? ????? Application ????,1,Online_Scam
????????????? ?????????? ????? ??? ??????????????????????? ?????????????????????,1,Online_Scam
KPay ??????? ???????????? ????????????????? ???????????? link ??????????,1,Online_Scam
???????-??????? ?????????????????? ???????????? ???????????????????? ????????????,1,Online_Scam
?????????????? ???????????? ??????????????????? ???? ????? ?? ????,1,Recruitment
???????????? ?????????????????? ??????????????????????????? ???????????????? ????????????????????,1,Online_Scam
